Date,Open,High,Low,Close,Volume,Adj Close
07/12/2015,6238.299805,6287.200195,6215.200195,6223.5,542255600,6223.5
04/12/2015,6275,6277.600098,6219.5,6238.299805,662790200,6238.299805
03/12/2015,6420.899902,6444.700195,6275,6275,793356800,6275
02/12/2015,6395.700195,6447.299805,6395.200195,6420.899902,566098900,6420.899902
01/12/2015,6356.100098,6402.399902,6356.100098,6395.700195,784743400,6395.700195
30/11/2015,6375.200195,6387.100098,6329.899902,6356.100098,834458200,6356.100098
27/11/2015,6393.100098,6393.100098,6345.299805,6375.200195,471764000,6375.200195
26/11/2015,6337.600098,6395.299805,6333.899902,6393.100098,0,6393.100098
25/11/2015,6277.200195,6348.100098,6277.200195,6337.600098,673258600,6337.600098
24/11/2015,6305.5,6305.5,6221.299805,6277.200195,854059000,6277.200195
23/11/2015,6334.600098,6334.600098,6267.100098,6305.5,585321500,6305.5
20/11/2015,6329.899902,6360.700195,6311.799805,6334.600098,808632500,6334.600098
19/11/2015,6279,6366.899902,6279,6329.899902,0,6329.899902
18/11/2015,6268.799805,6283.899902,6228.200195,6279,615094500,6279
17/11/2015,6146.399902,6269.399902,6146.399902,6268.799805,697486200,6268.799805
16/11/2015,6118.299805,6161.899902,6079.799805,6146.399902,602945000,6146.399902
13/11/2015,6178.700195,6179,6088.799805,6118.299805,681574100,6118.299805
12/11/2015,6297.200195,6300.899902,6178.700195,6178.700195,826908500,6178.700195
11/11/2015,6275.299805,6327.200195,6272.700195,6297.200195,618113900,6297.200195
10/11/2015,6295.200195,6329.700195,6250.299805,6275.299805,725649900,6275.299805
09/11/2015,6353.799805,6380.399902,6292.100098,6295.200195,658685600,6295.200195
06/11/2015,6364.899902,6395.200195,6332.700195,6353.799805,711572600,6353.799805
05/11/2015,6412.899902,6421.799805,6358.100098,6364.899902,0,6364.899902
04/11/2015,6383.600098,6459.5,6383,6412.899902,759872100,6412.899902
03/11/2015,6361.799805,6383.600098,6344.700195,6383.600098,608961200,6383.600098
02/11/2015,6361.100098,6364.399902,6317.299805,6361.799805,506603500,6361.799805
30/10/2015,6395.799805,6410.299805,6337.700195,6361.100098,716340400,6361.100098
29/10/2015,6437.799805,6437.899902,6358.200195,6395.799805,826622300,6395.799805
28/10/2015,6365.299805,6448.5,6355.799805,6437.799805,0,6437.799805
27/10/2015,6417,6419.600098,6365.299805,6365.299805,0,6365.299805
26/10/2015,6444.100098,6453,6405.399902,6417,441044400,6417
23/10/2015,6376.299805,6487.899902,6376.299805,6444.100098,0,6444.100098
22/10/2015,6348.399902,6387.299805,6321.700195,6376.299805,718398200,6376.299805
21/10/2015,6345.100098,6387.299805,6316.299805,6348.399902,596747600,6348.399902
20/10/2015,6352.299805,6367.799805,6319.299805,6345.100098,574547000,6345.100098
19/10/2015,6378,6408.100098,6336.299805,6352.299805,0,6352.299805
16/10/2015,6338.700195,6398.200195,6338.700195,6378,592309300,6378
15/10/2015,6269.600098,6351.399902,6269.600098,6338.700195,0,6338.700195
14/10/2015,6342.299805,6342.299805,6268.299805,6269.600098,0,6269.600098
13/10/2015,6371.200195,6371.200195,6303,6342.299805,700891400,6342.299805
12/10/2015,6416.200195,6416.200195,6351.299805,6371.200195,535951300,6371.200195
09/10/2015,6374.799805,6453.200195,6374.799805,6416.200195,745150000,6416.200195
08/10/2015,6336.399902,6380.299805,6303.5,6374.799805,720040900,6374.799805
07/10/2015,6326.200195,6396.299805,6319.799805,6336.399902,985472100,6336.399902
06/10/2015,6298.899902,6343.700195,6255.100098,6326.200195,0,6326.200195
05/10/2015,6130,6301.100098,6130,6298.899902,863396300,6298.899902
02/10/2015,6072.5,6176.200195,6051.600098,6130,861807200,6130
01/10/2015,6061.600098,6172.799805,6053.299805,6072.5,847372200,6072.5
30/09/2015,5909.200195,6061.600098,5909.200195,6061.600098,1018944000,6061.600098
29/09/2015,5958.899902,5958.899902,5877.100098,5909.200195,1000021900,5909.200195
28/09/2015,6109,6110.299805,5958.899902,5958.899902,968395200,5958.899902
25/09/2015,5961.5,6120.700195,5961.5,6109,837519200,6109
24/09/2015,6032.200195,6055.600098,5947.200195,5961.5,867489200,5961.5
23/09/2015,5935.799805,6067.600098,5933.200195,6032.200195,725707700,6032.200195
22/09/2015,6108.700195,6111.600098,5935.799805,5935.799805,941657100,5935.799805
21/09/2015,6104.100098,6168.700195,6083.600098,6108.700195,697537600,6108.700195
18/09/2015,6187,6188.700195,6053.899902,6104.100098,1508172800,6104.100098
17/09/2015,6229.200195,6239.899902,6182.600098,6187,836839300,6187
16/09/2015,6137.600098,6244.899902,6137.600098,6229.200195,818994800,6229.200195
15/09/2015,6084.600098,6158.100098,6019.899902,6137.600098,706522000,6137.600098
14/09/2015,6117.799805,6191.799805,6065.399902,6084.600098,598665000,6084.600098
11/09/2015,6155.799805,6174.299805,6113.100098,6117.799805,0,6117.799805
10/09/2015,6229,6229,6127.5,6155.799805,749536800,6155.799805
09/09/2015,6146.100098,6284.200195,6146.100098,6229,734267900,6229
08/09/2015,6074.5,6196.5,6074.5,6146.100098,664577700,6146.100098
07/09/2015,6042.899902,6125.700195,6042.899902,6074.5,464760500,6074.5
04/09/2015,6194.100098,6194.100098,6040.5,6042.899902,743172100,6042.899902
03/09/2015,6083.299805,6215.700195,6083.299805,6194.100098,735720100,6194.100098
02/09/2015,6058.5,6161.700195,6021.399902,6083.299805,769181300,6083.299805
01/09/2015,6247.899902,6247.899902,6028.700195,6058.5,1001128800,6058.5
28/08/2015,6192,6247.899902,6152,6247.899902,868831700,6247.899902
27/08/2015,5979.200195,6212.5,5979.200195,6192,1028065800,6192
26/08/2015,6081.299805,6095.100098,5949.899902,5979.200195,991933700,5979.200195
25/08/2015,5898.899902,6115.700195,5898.899902,6081.299805,1335924300,6081.299805
24/08/2015,6187.700195,6187.700195,5768.200195,5898.899902,1657266300,5898.899902
21/08/2015,6367.899902,6367.899902,6187.700195,6187.700195,807243600,6187.700195
20/08/2015,6403.5,6408.600098,6359.700195,6367.899902,728564100,6367.899902
19/08/2015,6526.299805,6526.5,6403.5,6403.5,699446800,6403.5
18/08/2015,6550.299805,6564.600098,6505.700195,6526.299805,538348700,6526.299805
17/08/2015,6550.700195,6585.899902,6507.799805,6550.299805,471278500,6550.299805
14/08/2015,6568.299805,6603.200195,6544.399902,6550.700195,577612000,6550.700195
13/08/2015,6571.200195,6634.700195,6553.5,6568.299805,668900300,6568.299805
12/08/2015,6664.5,6664.5,6536.399902,6571.200195,1085554700,6571.200195
11/08/2015,6736.200195,6736.200195,6664,6664.5,727572100,6664.5
10/08/2015,6718.5,6751.5,6653.700195,6736.200195,765478700,6736.200195
07/08/2015,6747.100098,6754.799805,6718.5,6718.5,595585900,6718.5
06/08/2015,6752.399902,6763.299805,6717.5,6747.100098,691613500,6747.100098
05/08/2015,6686.600098,6764.799805,6686.600098,6752.399902,847270800,6752.399902
04/08/2015,6688.600098,6715.5,6644.700195,6686.600098,1399430100,6686.600098
03/08/2015,6696.299805,6710.799805,6668.200195,6688.600098,679885300,6688.600098
31/07/2015,6668.899902,6705.399902,6646.299805,6696.299805,958422600,6696.299805
30/07/2015,6631,6697.399902,6631,6668.899902,778087100,6668.899902
29/07/2015,6555.299805,6634,6555.299805,6631,820041700,6631
28/07/2015,6505.100098,6569.5,6505.100098,6555.299805,709236100,6555.299805
27/07/2015,6579.799805,6589.5,6495.700195,6505.100098,678322600,6505.100098
24/07/2015,6655,6684.799805,6574,6579.799805,644793200,6579.799805
23/07/2015,6667.299805,6711.5,6644.899902,6655,632287000,6655
22/07/2015,6769.100098,6769.100098,6653.399902,6667.299805,693476700,6667.299805
21/07/2015,6788.700195,6800.100098,6758.799805,6769.100098,556304800,6769.100098
20/07/2015,6775.100098,6813.399902,6772.100098,6788.700195,419532500,6788.700195
17/07/2015,6796.5,6799.799805,6764.799805,6775.100098,584213200,6775.100098
16/07/2015,6753.799805,6805.100098,6752.100098,6796.5,587458400,6796.5
15/07/2015,6753.799805,6775.899902,6728.5,6753.799805,549549300,6753.799805
14/07/2015,6738,6753.799805,6710.600098,6753.799805,595318500,6753.799805
13/07/2015,6673.399902,6743.100098,6673.399902,6738,643184300,6738
10/07/2015,6581.600098,6687.600098,6581.600098,6673.399902,699409100,6673.399902
09/07/2015,6490.700195,6594.200195,6490.700195,6581.600098,764973200,6581.600098
08/07/2015,6432.200195,6515.100098,6430.399902,6490.700195,913111000,6490.700195
07/07/2015,6535.700195,6543.799805,6432.200195,6432.200195,767758000,6432.200195
06/07/2015,6585.799805,6585.799805,6506.700195,6535.700195,610644900,6535.700195
03/07/2015,6630.5,6630.799805,6572.5,6585.799805,448998200,6585.799805
02/07/2015,6608.600098,6647.700195,6600.399902,6630.5,590421700,6630.5
01/07/2015,6521,6637.299805,6521,6608.600098,789588400,6608.600098
30/06/2015,6620.5,6620.799805,6521,6521,882243000,6521
29/06/2015,6753.700195,6753.700195,6598.600098,6620.5,762752000,6620.5
26/06/2015,6807.799805,6807.799805,6731.100098,6753.700195,597278600,6753.700195
25/06/2015,6844.799805,6869,6798.799805,6807.799805,655333800,6807.799805
24/06/2015,6834.899902,6873.399902,6834.299805,6844.799805,668257700,6844.799805
23/06/2015,6825.700195,6856.5,6825.700195,6834.899902,580137000,6834.899902
22/06/2015,6710.5,6825.700195,6710.5,6825.700195,749484400,6825.700195
19/06/2015,6707.899902,6759.299805,6691.799805,6710.5,1273130400,6710.5
18/06/2015,6680.600098,6707.899902,6625.200195,6707.899902,773442100,6707.899902
17/06/2015,6710.100098,6731.5,6666,6680.600098,685273800,6680.600098
16/06/2015,6710.5,6723.5,6656.899902,6710.100098,718299200,6710.100098
15/06/2015,6784.899902,6784.899902,6708.5,6710.5,557004700,6710.5
12/06/2015,6846.700195,6846.700195,6760.100098,6784.899902,592427400,6784.899902
11/06/2015,6830.299805,6870.200195,6807.299805,6846.700195,678574100,6846.700195
10/06/2015,6753.799805,6843.600098,6734.200195,6830.299805,818584900,6830.299805
09/06/2015,6790,6803.799805,6736.899902,6753.799805,682109200,6753.799805
08/06/2015,6804.600098,6827.200195,6781.700195,6790,539187300,6790
05/06/2015,6859.200195,6859.200195,6785.200195,6804.600098,754508500,6804.600098
04/06/2015,6950.5,6950.5,6839,6859.200195,783604900,6859.200195
03/06/2015,6928.299805,6985.700195,6901.799805,6950.5,701168000,6950.5
02/06/2015,6953.600098,6972.299805,6872.100098,6928.299805,864607700,6928.299805
01/06/2015,6984.399902,7037.600098,6942.700195,6953.600098,694968900,6953.600098
29/05/2015,7040.899902,7069.899902,6967.899902,6984.399902,1177305700,6984.399902
28/05/2015,7033.299805,7049.600098,7005.899902,7040.899902,606689900,7040.899902
27/05/2015,6949,7054.100098,6948.600098,7033.299805,648739500,7033.299805
26/05/2015,7031.700195,7039.600098,6930.299805,6949,672679700,6949
22/05/2015,7013.5,7061.700195,7013.5,7031.700195,621811200,7031.700195
21/05/2015,7007.299805,7026,6994.299805,7013.5,565597600,7013.5
20/05/2015,6995.100098,7018.700195,6962.100098,7007.299805,825148300,7007.299805
19/05/2015,6968.899902,7011.399902,6968.899902,6995.100098,778022500,6995.100098
18/05/2015,6960.5,7015.5,6931.600098,6968.899902,614216300,6968.899902
15/05/2015,6973,7009.399902,6937.100098,6960.5,703827400,6960.5
14/05/2015,6949.600098,6977.899902,6884.600098,6973,603503300,6973
13/05/2015,6933.799805,6989.899902,6920.700195,6949.600098,795743700,6949.600098
12/05/2015,7029.899902,7029.899902,6887.5,6933.799805,839991900,6933.799805
11/05/2015,7046.799805,7083.700195,7025.200195,7029.899902,792210200,7029.899902
08/05/2015,6887,7046.799805,6885.799805,7046.799805,1385914100,7046.799805
07/05/2015,6933.700195,6933.700195,6810.100098,6887,945024800,6887
06/05/2015,6927.600098,6974.799805,6913.5,6933.700195,883946300,6933.700195
05/05/2015,6986,7053.200195,6927.600098,6927.600098,1019856100,6927.600098
01/05/2015,6960.600098,6995.399902,6919.399902,6986,838058900,6986
30/04/2015,6946.299805,6970.299805,6906.200195,6960.600098,906266700,6960.600098
29/04/2015,7030.5,7058.200195,6945.600098,6946.299805,767322400,6946.299805
28/04/2015,7104,7104,6984,7030.5,796371600,7030.5
27/04/2015,7070.700195,7122.700195,7025.299805,7104,679761700,7104
24/04/2015,7053.700195,7102.600098,7051.200195,7070.700195,796682000,7070.700195
23/04/2015,7028.200195,7055.200195,6995.799805,7053.700195,714656500,7053.700195
22/04/2015,7062.899902,7092.299805,6997.200195,7028.200195,785146300,7028.200195
21/04/2015,7052.100098,7105.100098,7030,7062.899902,655787700,7062.899902
20/04/2015,6994.600098,7067.799805,6994.600098,7052.100098,583888000,7052.100098
17/04/2015,7060.5,7093.5,6979.299805,6994.600098,776519900,6994.600098
16/04/2015,7096.799805,7119.399902,7057.700195,7060.5,750900800,7060.5
15/04/2015,7075.299805,7111.700195,7058.299805,7096.799805,722590500,7096.799805
14/04/2015,7064.299805,7086.100098,7044.600098,7075.299805,669927300,7075.299805
13/04/2015,7089.799805,7089.799805,7046.700195,7064.299805,592637100,7064.299805
10/04/2015,7015.399902,7095.399902,7015.399902,7089.799805,801926500,7089.799805
09/04/2015,6937.399902,7017,6937.399902,7015.399902,698600800,7015.399902
08/04/2015,6961.799805,7012.100098,6931.600098,6937.399902,865524000,6937.399902
07/04/2015,6833.5,6967.700195,6833.5,6961.799805,704104300,6961.799805
02/04/2015,6809.5,6849.899902,6801.299805,6833.5,575894800,6833.5
01/04/2015,6773,6856.399902,6765.399902,6809.5,800482200,6809.5
31/03/2015,6891.399902,6910.100098,6765.100098,6773,900335700,6773
30/03/2015,6855,6914.600098,6855,6891.399902,639393900,6891.399902
27/03/2015,6895.299805,6910.600098,6839.899902,6855,736697300,6855
26/03/2015,6991,6991,6876.799805,6895.299805,936518300,6895.299805
25/03/2015,7019.700195,7035.100098,6983.899902,6991,645837600,6991
24/03/2015,7037.700195,7065.100098,7012.5,7019.700195,702620900,7019.700195
23/03/2015,7022.5,7037.700195,6991.399902,7037.700195,673591200,7037.700195
20/03/2015,6962.299805,7024.200195,6960.799805,7022.5,1419421400,7022.5
19/03/2015,6945.200195,6982.799805,6929.700195,6962.299805,809174400,6962.299805
18/03/2015,6837.600098,6945.200195,6837.299805,6945.200195,772632700,6945.200195
17/03/2015,6804.100098,6846.899902,6798.5,6837.600098,757362800,6837.600098
16/03/2015,6740.600098,6809.100098,6740.600098,6804.100098,685731900,6804.100098
13/03/2015,6761.100098,6777.799805,6713.5,6740.600098,710321200,6740.600098
12/03/2015,6721.5,6799.799805,6721.5,6761.100098,845927100,6761.100098
11/03/2015,6702.799805,6739,6693.799805,6721.5,746833900,6721.5
10/03/2015,6876.5,6876.899902,6702.799805,6702.799805,887272000,6702.799805
09/03/2015,6911.799805,6911.799805,6859.799805,6876.5,670579200,6876.5
06/03/2015,6961.100098,6961.200195,6911.799805,6911.799805,748637900,6911.799805
05/03/2015,6919.200195,6968.600098,6914.100098,6961.100098,798406800,6961.100098
04/03/2015,6889.100098,6919.200195,6862.899902,6919.200195,741168200,6919.200195
03/03/2015,6940.600098,6963.600098,6889.100098,6889.100098,784037600,6889.100098
02/03/2015,6946.700195,6974.299805,6924.299805,6940.600098,778879400,6940.600098
27/02/2015,6949.700195,6967.200195,6929.799805,6946.700195,881579100,6946.700195
26/02/2015,6935.399902,6950,6920.5,6949.700195,782087000,6949.700195
25/02/2015,6949.600098,6955.399902,6904.899902,6935.399902,697704800,6935.399902
24/02/2015,6912.200195,6958.899902,6899.600098,6949.600098,831640000,6949.600098
23/02/2015,6915.200195,6943.600098,6885.899902,6912.200195,680805600,6912.200195
20/02/2015,6888.899902,6920.5,6884.799805,6915.200195,764028800,6915.200195
19/02/2015,6898.100098,6907.299805,6858.700195,6888.899902,641759700,6888.899902
18/02/2015,6898.100098,6921.299805,6876.299805,6898.100098,677405400,6898.100098
17/02/2015,6857.100098,6898.100098,6819.799805,6898.100098,612932700,6898.100098
16/02/2015,6873.5,6878.700195,6851.799805,6857.100098,415979100,6857.100098
13/02/2015,6828.100098,6887.600098,6828.100098,6873.5,734854200,6873.5
12/02/2015,6818.200195,6854.600098,6817.200195,6828.100098,809863300,6828.100098
11/02/2015,6829.100098,6838.299805,6786.100098,6818.200195,623275800,6818.200195
10/02/2015,6837.200195,6843.899902,6788.899902,6829.100098,773108400,6829.100098
09/02/2015,6853.399902,6853.399902,6778,6837.200195,620697200,6837.200195
06/02/2015,6865.899902,6886.200195,6835.5,6853.399902,648533700,6853.399902
05/02/2015,6860,6870.100098,6808.200195,6865.899902,731200400,6865.899902
04/02/2015,6871.799805,6883.5,6804.100098,6860,817845800,6860
03/02/2015,6782.600098,6886.299805,6782.399902,6871.799805,855708500,6871.799805
02/02/2015,6749.399902,6795.5,6732,6782.600098,757554400,6782.600098
30/01/2015,6810.600098,6844,6749.399902,6749.399902,799357300,6749.399902
29/01/2015,6825.899902,6825.899902,6750.200195,6810.600098,704517100,6810.600098
28/01/2015,6811.600098,6863,6777.100098,6825.899902,779603800,6825.899902
27/01/2015,6852.399902,6865,6773.5,6811.600098,713907000,6811.600098
26/01/2015,6832.799805,6855.899902,6790.100098,6852.399902,611915000,6852.399902
23/01/2015,6796.600098,6841.700195,6796.600098,6832.799805,839368300,6832.799805
22/01/2015,6728,6808.200195,6726.200195,6796.600098,926018400,6796.600098
21/01/2015,6620.100098,6728,6620.100098,6728,847589600,6728
20/01/2015,6585.5,6640.399902,6585.5,6620.100098,677002900,6620.100098
19/01/2015,6550.299805,6598.899902,6548,6585.5,537915700,6585.5
16/01/2015,6498.799805,6553.200195,6443.299805,6550.299805,805741900,6550.299805
15/01/2015,6388.5,6498.799805,6298.200195,6498.799805,980049600,6498.799805
14/01/2015,6542.200195,6542.200195,6353.700195,6388.5,971256900,6388.5
13/01/2015,6501.399902,6558.799805,6465.200195,6542.200195,673572900,6542.200195
12/01/2015,6501.100098,6542.399902,6447.899902,6501.399902,602313100,6501.399902
09/01/2015,6570,6570.200195,6471.399902,6501.100098,738488500,6501.100098
08/01/2015,6419.799805,6580.799805,6419.799805,6570,882740200,6570
07/01/2015,6366.5,6459.700195,6366.5,6419.799805,688211500,6419.799805
06/01/2015,6417.200195,6452.700195,6328.600098,6366.5,769463100,6366.5
05/01/2015,6547.799805,6576.700195,6404.5,6417.200195,728001100,6417.200195
02/01/2015,6566.100098,6607.899902,6510.600098,6547.799805,367562200,6547.799805
31/12/2014,6547,6578.200195,6547,6566.100098,125563600,6566.100098
30/12/2014,6633.5,6633.5,6528.899902,6547,337948000,6547
29/12/2014,6609.899902,6652,6587.899902,6633.5,350346200,6633.5
24/12/2014,6598.200195,6618.100098,6586.100098,6609.899902,253486900,6609.899902
23/12/2014,6576.700195,6620.5,6576.700195,6598.200195,380283900,6598.200195
22/12/2014,6545.299805,6621,6545.299805,6576.700195,483625300,6576.700195
19/12/2014,6466,6566.899902,6466,6545.299805,1144608500,6545.299805
18/12/2014,6336.5,6466,6336.5,6466,967411900,6466
17/12/2014,6331.799805,6359.700195,6240.299805,6336.5,745851900,6336.5
16/12/2014,6182.700195,6331.799805,6144.700195,6331.799805,1037451400,6331.799805
15/12/2014,6300.600098,6356.299805,6182.700195,6182.700195,985776000,6182.700195
12/12/2014,6461.700195,6461.700195,6297.399902,6300.600098,793966500,6300.600098
11/12/2014,6500,6521.700195,6441.299805,6461.700195,757393100,6461.700195
10/12/2014,6529.5,6565.799805,6500,6500,692354700,6500
09/12/2014,6672.200195,6672.200195,6529.5,6529.5,951132300,6529.5
08/12/2014,6742.799805,6742.799805,6672.200195,6672.200195,513903800,6672.200195
05/12/2014,6679.399902,6751.299805,6679.399902,6742.799805,678464700,6742.799805
04/12/2014,6716.600098,6734,6672.700195,6679.399902,699897800,6679.399902
03/12/2014,6742.100098,6753.200195,6713.799805,6716.600098,707002000,6716.600098
02/12/2014,6656.399902,6744.299805,6656.399902,6742.100098,654954300,6742.100098
01/12/2014,6722.600098,6722.600098,6637.399902,6656.399902,728046400,6656.399902
28/11/2014,6723.399902,6734.700195,6667.100098,6722.600098,839390500,6722.600098
27/11/2014,6729.200195,6749.899902,6713.799805,6723.399902,517208400,6723.399902
26/11/2014,6731.100098,6765,6718.5,6729.200195,586890500,6729.200195
25/11/2014,6729.799805,6750.899902,6709.299805,6731.100098,907288200,6731.100098
24/11/2014,6750.799805,6764,6720.100098,6729.799805,680406300,6729.799805
21/11/2014,6678.899902,6773.100098,6678.899902,6750.799805,845575400,6750.799805
20/11/2014,6696.600098,6696.799805,6641.100098,6678.899902,640496600,6678.899902
19/11/2014,6709.100098,6718.899902,6678.100098,6696.600098,802689100,6696.600098
18/11/2014,6672,6714.100098,6671.799805,6709.100098,653233800,6709.100098
17/11/2014,6654.399902,6681.600098,6616.100098,6672,537365300,6672
14/11/2014,6635.5,6654.399902,6610.100098,6654.399902,627535100,6654.399902
13/11/2014,6611,6645.899902,6596.899902,6635.5,721388700,6635.5
12/11/2014,6627.399902,6629.299805,6588.899902,6611,703040700,6611
11/11/2014,6611.299805,6632.600098,6605.299805,6627.399902,764945500,6627.399902
10/11/2014,6567.200195,6611.299805,6566.799805,6611.299805,575418400,6611.299805
07/11/2014,6551.200195,6608.200195,6551.200195,6567.200195,764955100,6567.200195
06/11/2014,6539.100098,6580.200195,6503.799805,6551.200195,799914900,6551.200195
05/11/2014,6454,6539.100098,6454,6539.100098,769396700,6539.100098
04/11/2014,6488,6510.299805,6444.899902,6454,816651600,6454
03/11/2014,6546.5,6559.600098,6478.5,6488,712567500,6488
31/10/2014,6463.600098,6553.399902,6463.600098,6546.5,1062914700,6546.5
30/10/2014,6453.899902,6483.200195,6378.200195,6463.600098,815851600,6463.600098
29/10/2014,6402.200195,6475.399902,6402.200195,6453.899902,700842900,6453.899902
28/10/2014,6363.5,6412,6363.5,6402.200195,800681500,6402.200195
27/10/2014,6388.700195,6443.799805,6336.100098,6363.5,781565600,6363.5
24/10/2014,6419.200195,6419.200195,6372.399902,6388.700195,717827900,6388.700195
23/10/2014,6399.700195,6430.299805,6313.299805,6419.200195,840402100,6419.200195
22/10/2014,6372.299805,6401.5,6341.399902,6399.700195,727170300,6399.700195
21/10/2014,6267.100098,6372.299805,6229.399902,6372.299805,856658100,6372.299805
20/10/2014,6310.299805,6320.299805,6238.600098,6267.100098,723302900,6267.100098
17/10/2014,6195.899902,6313,6188,6310.299805,1106053200,6310.299805
16/10/2014,6211.600098,6283,6072.700195,6195.899902,1697447000,6195.899902
15/10/2014,6392.700195,6405,6211.600098,6211.600098,1137435900,6211.600098
14/10/2014,6366.200195,6403.399902,6304.299805,6392.700195,831098100,6392.700195
13/10/2014,6340,6387.399902,6294.600098,6366.200195,846365400,6366.200195
10/10/2014,6431.899902,6431.899902,6328.399902,6340,897708400,6340
09/10/2014,6482.200195,6544.200195,6425.200195,6431.899902,864389000,6431.899902
08/10/2014,6495.600098,6502.399902,6453.799805,6482.200195,822967200,6482.200195
07/10/2014,6563.700195,6563.799805,6495.600098,6495.600098,858099000,6495.600098
06/10/2014,6527.899902,6588.299805,6527.899902,6563.700195,722223000,6563.700195
03/10/2014,6446.399902,6542.899902,6446.399902,6527.899902,750613100,6527.899902
02/10/2014,6557.5,6557.700195,6446.399902,6446.399902,807089800,6446.399902
01/10/2014,6622.700195,6622.799805,6539.700195,6557.5,789707300,6557.5
30/09/2014,6646.600098,6658.899902,6601.600098,6622.700195,882273900,6622.700195
29/09/2014,6649.399902,6653.899902,6608.700195,6646.600098,564786600,6646.600098
26/09/2014,6639.700195,6664,6615.100098,6649.399902,589221500,6649.399902
25/09/2014,6706.299805,6726.399902,6621.5,6639.700195,927894000,6639.700195
24/09/2014,6676.100098,6707.299805,6652,6706.299805,793646000,6706.299805
23/09/2014,6773.600098,6777.299805,6647.200195,6676.100098,762840800,6676.100098
22/09/2014,6837.899902,6838.399902,6766.899902,6773.600098,675055200,6773.600098
19/09/2014,6819.299805,6876,6819.299805,6837.899902,1551957500,6837.899902
18/09/2014,6780.899902,6822.600098,6769.600098,6819.299805,644480400,6819.299805
17/09/2014,6792.200195,6816.899902,6780.899902,6780.899902,596526700,6780.899902
16/09/2014,6804.200195,6804.299805,6748.100098,6792.200195,592887700,6792.200195
15/09/2014,6807,6813.899902,6771.700195,6804.200195,529231800,6804.200195
12/09/2014,6799.600098,6832.200195,6799.399902,6807,552974800,6807
11/09/2014,6830.100098,6857.5,6764.899902,6799.600098,648015500,6799.600098
10/09/2014,6829,6847.799805,6800,6830.100098,585612100,6830.100098
09/09/2014,6834.799805,6846.200195,6812.5,6829,580798600,6829
08/09/2014,6855.100098,6855.100098,6773.799805,6834.799805,754127500,6834.799805
05/09/2014,6878,6885,6829.100098,6855.100098,596549800,6855.100098
04/09/2014,6873.600098,6904.899902,6866.299805,6878,689038700,6878
03/09/2014,6829.200195,6898.600098,6826.700195,6873.600098,674899700,6873.600098
02/09/2014,6825.299805,6849.299805,6812.299805,6829.200195,820230900,6829.200195
01/09/2014,6819.799805,6825.299805,6798.299805,6825.299805,404272400,6825.299805
29/08/2014,6805.799805,6828.899902,6782.600098,6819.799805,720978600,6819.799805
28/08/2014,6830.700195,6831.200195,6796.899902,6805.799805,498070100,6805.799805
27/08/2014,6822.799805,6830.700195,6813.200195,6830.700195,481233300,6830.700195
26/08/2014,6775.299805,6827.299805,6775.299805,6822.799805,538317700,6822.799805
22/08/2014,6777.700195,6784.600098,6746.399902,6775.299805,571522600,6775.299805
21/08/2014,6755.5,6780.700195,6752.700195,6777.700195,423431000,6777.700195
20/08/2014,6779.299805,6781.200195,6739.799805,6755.5,466211000,6755.5
19/08/2014,6741.299805,6782.899902,6740.700195,6779.299805,463536900,6779.299805
18/08/2014,6689.100098,6745.700195,6689.100098,6741.299805,413053500,6741.299805
15/08/2014,6685.299805,6742.799805,6685.299805,6689.100098,545581000,6689.100098
14/08/2014,6656.700195,6694.600098,6641.799805,6685.299805,512629300,6685.299805
13/08/2014,6632.399902,6664.299805,6626,6656.700195,527733500,6656.700195
12/08/2014,6632.799805,6643.700195,6612.5,6632.399902,448281800,6632.399902
11/08/2014,6567.399902,6645.799805,6567.399902,6632.799805,494367000,6632.799805
08/08/2014,6597.399902,6597.399902,6528.700195,6567.399902,645423400,6567.399902
07/08/2014,6636.200195,6649.100098,6589.799805,6597.399902,565630100,6597.399902
06/08/2014,6682.5,6682.5,6588.399902,6636.200195,803798800,6636.200195
05/08/2014,6677.5,6713.5,6671.5,6682.5,512852200,6682.5
04/08/2014,6679.200195,6715.600098,6669.899902,6677.5,522832700,6677.5
01/08/2014,6730.100098,6730.100098,6624.700195,6679.200195,695334800,6679.200195
31/07/2014,6773.399902,6797.100098,6716.299805,6730.100098,919865400,6730.100098
30/07/2014,6807.799805,6815.299805,6758.200195,6773.399902,692780400,6773.399902
29/07/2014,6788.100098,6833.700195,6784,6807.799805,527703100,6807.799805
28/07/2014,6791.600098,6809.600098,6761.799805,6788.100098,528691400,6788.100098
25/07/2014,6821.5,6830.799805,6780.700195,6791.600098,661620000,6791.600098
24/07/2014,6798.200195,6821.5,6767.299805,6821.5,541591300,6821.5
23/07/2014,6795.299805,6822.700195,6773.100098,6798.200195,589203600,6798.200195
22/07/2014,6728.399902,6801.799805,6728.399902,6795.299805,538472400,6795.299805
21/07/2014,6749.5,6753.399902,6715.799805,6728.399902,470701900,6728.399902
18/07/2014,6738.299805,6749.899902,6690.899902,6749.5,585590200,6749.5
17/07/2014,6784.700195,6784.700195,6727.700195,6738.299805,631724300,6738.299805
16/07/2014,6710.5,6792.600098,6710.5,6784.700195,610714400,6784.700195
15/07/2014,6746.100098,6764,6709.200195,6710.5,604327700,6710.5
14/07/2014,6690.200195,6760.700195,6690.200195,6746.100098,468494700,6746.100098
11/07/2014,6672.399902,6696.100098,6663.700195,6690.200195,533174800,6690.200195
10/07/2014,6718,6724.799805,6643.600098,6672.399902,764873500,6672.399902
09/07/2014,6738.5,6740.799805,6692.799805,6718,602260300,6718
08/07/2014,6823.5,6831,6738.5,6738.5,660675300,6738.5
07/07/2014,6866.100098,6866.399902,6817.600098,6823.5,389059700,6823.5
04/07/2014,6865.200195,6875.299805,6856.399902,6866.100098,329363500,6866.100098
03/07/2014,6816.399902,6866.600098,6815.5,6865.200195,523958700,6865.200195
02/07/2014,6802.899902,6829.5,6796.600098,6816.399902,479498000,6816.399902
01/07/2014,6743.899902,6805.899902,6743.899902,6802.899902,514345100,6802.899902
30/06/2014,6757.799805,6777.100098,6730.5,6743.899902,614336500,6743.899902
27/06/2014,6735.100098,6767.600098,6735.100098,6757.799805,516986900,6757.799805
26/06/2014,6733.600098,6753.299805,6701.600098,6735.100098,902551300,6735.100098
25/06/2014,6787.100098,6787.100098,6716.399902,6733.600098,585547600,6733.600098
24/06/2014,6800.600098,6824.5,6776.799805,6787.100098,570127000,6787.100098
23/06/2014,6825.200195,6829.799805,6785.799805,6800.600098,466639400,6800.600098
20/06/2014,6808.100098,6840.600098,6791.200195,6825.200195,1020446400,6825.200195
19/06/2014,6778.600098,6837.600098,6778.600098,6808.100098,564148400,6808.100098
18/06/2014,6766.799805,6799.600098,6766.799805,6778.600098,511450700,6778.600098
17/06/2014,6754.600098,6774.899902,6736.100098,6766.799805,577374400,6766.799805
16/06/2014,6777.899902,6779.399902,6748,6754.600098,604240100,6754.600098
13/06/2014,6843.100098,6843.100098,6758.200195,6777.899902,640614600,6777.899902
12/06/2014,6838.899902,6853.200195,6827,6843.100098,527380800,6843.100098
11/06/2014,6873.600098,6873.600098,6825.200195,6838.899902,676538600,6838.899902
10/06/2014,6875,6875.200195,6835.799805,6873.600098,535388800,6873.600098
09/06/2014,6858.200195,6879,6857.700195,6875,388132800,6875
06/06/2014,6813.5,6862.899902,6813.5,6858.200195,774866500,6858.200195
05/06/2014,6818.600098,6847,6795.299805,6813.5,627405700,6813.5
04/06/2014,6836.299805,6840.600098,6800.100098,6818.600098,575435900,6818.600098
03/06/2014,6864.100098,6865.399902,6818,6836.299805,505128700,6836.299805
02/06/2014,6844.5,6874.399902,6844.5,6864.100098,573724300,6864.100098
30/05/2014,6871.299805,6874.299805,6832,6844.5,1174009700,6844.5
29/05/2014,6851.200195,6882.100098,6848.100098,6871.299805,403366600,6871.299805
28/05/2014,6844.899902,6855.799805,6833.600098,6851.200195,577490600,6851.200195
27/05/2014,6815.799805,6857.100098,6815.399902,6844.899902,585487200,6844.899902
23/05/2014,6820.600098,6825.5,6793.5,6815.799805,485846000,6815.799805
22/05/2014,6821,6846.600098,6810.200195,6820.600098,564880200,6820.600098
21/05/2014,6802,6821,6782.799805,6821,733746900,6821
20/05/2014,6844.600098,6848.399902,6792.5,6802,680773300,6802
19/05/2014,6855.799805,6862.200195,6804.299805,6844.600098,745674100,6844.600098
16/05/2014,6840.899902,6855.899902,6813.5,6855.799805,985979600,6855.799805
15/05/2014,6878.5,6894.899902,6821.700195,6840.899902,896969900,6840.899902
14/05/2014,6873.100098,6880.100098,6854,6878.5,529825700,6878.5
13/05/2014,6851.799805,6877.399902,6846,6873.100098,631554800,6873.100098
12/05/2014,6814.600098,6851.799805,6814.600098,6851.799805,565733200,6851.799805
09/05/2014,6839.299805,6839.399902,6805.399902,6814.600098,617677000,6814.600098
08/05/2014,6796.399902,6840.399902,6796.399902,6839.299805,818478900,6839.299805
07/05/2014,6798.600098,6799.299805,6766.799805,6796.399902,768894900,6796.399902
06/05/2014,6822.399902,6828.600098,6785.299805,6798.600098,732623500,6798.600098
02/05/2014,6808.899902,6838.200195,6798.600098,6822.399902,746449000,6822.399902
01/05/2014,6780,6811.600098,6773.700195,6808.899902,649344400,6808.899902
30/04/2014,6769.899902,6794.899902,6748.799805,6780,773112200,6780
29/04/2014,6700.200195,6769.899902,6700.100098,6769.899902,674490500,6769.899902
28/04/2014,6685.700195,6720.299805,6682.899902,6700.200195,652775300,6700.200195
25/04/2014,6703,6704.399902,6657.299805,6685.700195,578697500,6685.700195
24/04/2014,6674.700195,6724.600098,6667.700195,6703,616106700,6703
23/04/2014,6681.799805,6694.799805,6661.399902,6674.700195,637850100,6674.700195
22/04/2014,6625.299805,6706.200195,6625.299805,6681.799805,843999800,6681.799805
17/04/2014,6584.200195,6627.299805,6559.399902,6625.299805,842349900,6625.299805
16/04/2014,6541.600098,6597,6541.600098,6584.200195,686337200,6584.200195
15/04/2014,6583.799805,6594.200195,6534.200195,6541.600098,858936000,6541.600098
14/04/2014,6561.700195,6583.799805,6507.100098,6583.799805,983152200,6583.799805
11/04/2014,6642,6642,6538.799805,6561.700195,817952500,6561.700195
10/04/2014,6635.600098,6688.299805,6620.399902,6642,671373100,6642
09/04/2014,6590.700195,6654.100098,6590.399902,6635.600098,758993600,6635.600098
08/04/2014,6622.799805,6625.200195,6549.799805,6590.700195,1056680100,6590.700195
07/04/2014,6695.600098,6695.600098,6614.700195,6622.799805,667468200,6622.799805
04/04/2014,6649.100098,6706.299805,6649.100098,6695.600098,876352600,6695.600098
03/04/2014,6659,6680.799805,6638.5,6649.100098,670678000,6649.100098
02/04/2014,6652.600098,6672.700195,6639.600098,6659,973749400,6659
01/04/2014,6598.399902,6660.299805,6598.399902,6652.600098,857737300,6652.600098
31/03/2014,6615.600098,6658.399902,6583.100098,6598.399902,868366300,6598.399902
28/03/2014,6588.299805,6631.5,6585.700195,6615.600098,1001322600,6615.600098
27/03/2014,6605.299805,6605.299805,6561.399902,6588.299805,850226700,6588.299805
26/03/2014,6604.899902,6643.600098,6601.799805,6605.299805,1429765600,6605.299805
25/03/2014,6520.399902,6604.899902,6520.399902,6604.899902,674287000,6604.899902
24/03/2014,6557.200195,6569,6506.399902,6520.399902,762850300,6520.399902
21/03/2014,6542.399902,6572.100098,6537.899902,6557.200195,1501522000,6557.200195
20/03/2014,6573.100098,6573.100098,6492.600098,6542.399902,795074200,6542.399902
19/03/2014,6605.299805,6609.5,6566.899902,6573.100098,1051188400,6573.100098
18/03/2014,6568.399902,6628.200195,6534.899902,6605.299805,723690100,6605.299805
17/03/2014,6527.899902,6592.399902,6527.899902,6568.399902,692708400,6568.399902
14/03/2014,6553.799805,6553.799805,6500.399902,6527.899902,847299400,6527.899902
13/03/2014,6620.899902,6631.399902,6552.5,6553.799805,895818900,6553.799805
12/03/2014,6685.5,6685.5,6598.399902,6620.899902,891943200,6620.899902
11/03/2014,6689.5,6718.299805,6660.600098,6685.5,868947800,6685.5
10/03/2014,6712.700195,6757,6671.600098,6689.5,820416900,6689.5
07/03/2014,6788.5,6800.700195,6706.399902,6712.700195,793752600,6712.700195
06/03/2014,6775.399902,6806.600098,6771,6788.5,666186300,6788.5
05/03/2014,6823.799805,6824.200195,6771.5,6775.399902,630136500,6775.399902
04/03/2014,6708.399902,6827.200195,6708.399902,6823.799805,734136300,6823.799805
03/03/2014,6809.700195,6809.700195,6671.899902,6708.399902,829082600,6708.399902
28/02/2014,6810.299805,6833.799805,6785.5,6809.700195,924578400,6809.700195
27/02/2014,6799.200195,6819.200195,6733.5,6810.299805,860420000,6810.299805
26/02/2014,6830.5,6834.100098,6785.299805,6799.200195,739193300,6799.200195
25/02/2014,6862.700195,6866.399902,6790.899902,6830.5,1163984100,6830.5
24/02/2014,6838.100098,6865.899902,6797.799805,6865.899902,1068068300,6865.899902
21/02/2014,6813,6859.899902,6813,6838.100098,1024984200,6838.100098
20/02/2014,6796.700195,6813,6732,6813,745785700,6813
19/02/2014,6796.399902,6810.5,6759.899902,6796.700195,793947100,6796.700195
18/02/2014,6736,6802.899902,6716.600098,6796.399902,828311700,6796.399902
17/02/2014,6663.600098,6745.600098,6661.5,6736,630547500,6736
14/02/2014,6659.399902,6672.200195,6646.5,6663.600098,912852700,6663.600098
13/02/2014,6675,6675.200195,6608.100098,6659.399902,1170917600,6659.399902
12/02/2014,6672.700195,6708.200195,6669.100098,6675,820072000,6675
11/02/2014,6591.600098,6672.700195,6591.600098,6672.700195,934913300,6672.700195
10/02/2014,6571.700195,6597,6565.299805,6591.600098,593694900,6591.600098
07/02/2014,6558.299805,6596.299805,6540.799805,6571.700195,708467800,6571.700195
06/02/2014,6457.899902,6566,6457.899902,6558.299805,815148900,6558.299805
05/02/2014,6449.299805,6483.700195,6423.799805,6457.899902,810173800,6457.899902
04/02/2014,6465.700195,6478.200195,6416.700195,6449.299805,922887700,6449.299805
03/02/2014,6510.399902,6538.299805,6460,6465.700195,829888700,6465.700195
31/01/2014,6538.5,6548.5,6421.299805,6510.399902,751205000,6510.399902
30/01/2014,6544.299805,6573.899902,6503.299805,6538.5,755894300,6538.5
29/01/2014,6572.299805,6645.200195,6482.700195,6544.299805,990211400,6544.299805
28/01/2014,6550.700195,6590.700195,6550.700195,6572.299805,675704400,6572.299805
27/01/2014,6663.700195,6665.399902,6539.299805,6550.700195,985294600,6550.700195
24/01/2014,6773.299805,6784.399902,6654.899902,6663.700195,844748200,6663.700195
23/01/2014,6826.299805,6837.200195,6760.600098,6773.299805,668664300,6773.299805
22/01/2014,6834.299805,6864.899902,6821.799805,6826.299805,548735700,6826.299805
21/01/2014,6836.700195,6867.399902,6822.299805,6834.299805,618281400,6834.299805
20/01/2014,6829.299805,6837.5,6810.600098,6836.700195,424810700,6836.700195
17/01/2014,6815.399902,6840.5,6800,6829.299805,999744600,6829.299805
16/01/2014,6819.899902,6831.700195,6811.200195,6815.399902,714152700,6815.399902
15/01/2014,6766.899902,6825.200195,6766.899902,6819.899902,693715800,6819.899902
14/01/2014,6757.200195,6772.600098,6694.100098,6766.899902,568346600,6766.899902
13/01/2014,6739.899902,6765.600098,6731,6757.200195,598026900,6757.200195
10/01/2014,6691.299805,6769.899902,6691.299805,6739.899902,811611800,6739.899902
09/01/2014,6721.799805,6746.399902,6679.299805,6691.299805,782896500,6691.299805
08/01/2014,6755.5,6755.5,6713.399902,6721.799805,720025300,6721.799805
07/01/2014,6730.700195,6768.899902,6718.100098,6755.5,672375600,6755.5
06/01/2014,6730.700195,6752,6714.600098,6730.700195,524387000,6730.700195
03/01/2014,6717.899902,6747.299805,6699.299805,6730.700195,374841500,6730.700195
02/01/2014,6749.100098,6759.399902,6707.5,6717.899902,459529100,6717.899902
01/01/2014,6749.100098,6749.100098,6749.100098,6749.100098,0,6749.100098
31/12/2013,6731.299805,6757,6731.299805,6749.100098,153445200,6749.100098
30/12/2013,6750.899902,6768.399902,6718.200195,6731.299805,295360600,6731.299805
27/12/2013,6694.200195,6754.100098,6694.200195,6750.899902,291262200,6750.899902
26/12/2013,6694.200195,6694.200195,6694.200195,6694.200195,0,6694.200195
25/12/2013,6694.200195,6694.200195,6694.200195,6694.200195,0,6694.200195
24/12/2013,6678.600098,6712.100098,6672.200195,6694.200195,101669600,6694.200195
23/12/2013,6606.600098,6678.600098,6606.200195,6678.600098,351999300,6678.600098
20/12/2013,6584.700195,6616.799805,6576.799805,6606.600098,1096668200,6606.600098
19/12/2013,6492.100098,6584.700195,6492.100098,6584.700195,648648400,6584.700195
18/12/2013,6486.200195,6524.5,6486.200195,6492.100098,529477900,6492.100098
17/12/2013,6522.200195,6522.200195,6482.600098,6486.200195,584054600,6486.200195
16/12/2013,6440,6531.200195,6422.200195,6522.200195,653797800,6522.200195
13/12/2013,6445.299805,6462.799805,6433.5,6440,694450900,6440
12/12/2013,6507.700195,6507.700195,6436,6445.299805,663531400,6445.299805
11/12/2013,6523.299805,6555.600098,6507.700195,6507.700195,524482100,6507.700195
10/12/2013,6559.5,6571.899902,6519,6523.299805,553693100,6523.299805
09/12/2013,6552,6568.399902,6534.700195,6559.5,506215400,6559.5
06/12/2013,6498.299805,6555.700195,6496.299805,6552,564649300,6552
05/12/2013,6510,6518.899902,6487.200195,6498.299805,558155700,6498.299805
04/12/2013,6532.399902,6544.700195,6479.700195,6510,780322600,6510
03/12/2013,6595.299805,6595.5,6531.299805,6532.399902,685375800,6532.399902
02/12/2013,6650.600098,6657.399902,6595.200195,6595.299805,559055100,6595.299805
29/11/2013,6654.5,6681.600098,6648.5,6650.600098,535923900,6650.600098
28/11/2013,6649.5,6679.5,6642.600098,6654.5,462672900,6654.5
27/11/2013,6636.200195,6664.100098,6635.700195,6649.5,580621900,6649.5
26/11/2013,6694.600098,6697,6636.200195,6636.200195,985378000,6636.200195
25/11/2013,6674.299805,6709.100098,6674.299805,6694.600098,465826500,6694.600098
22/11/2013,6681.299805,6711,6661,6674.299805,495703600,6674.299805
21/11/2013,6681.100098,6697.700195,6643.5,6681.299805,483785600,6681.299805
20/11/2013,6698,6711.399902,6661.700195,6681.100098,558048100,6681.100098
19/11/2013,6723.5,6723.5,6677.899902,6698,532008000,6698
18/11/2013,6693.399902,6732.100098,6671.600098,6723.5,538915700,6723.5
15/11/2013,6666.100098,6703.100098,6665.5,6693.399902,587733600,6693.399902
14/11/2013,6630,6696.200195,6630,6666.100098,624125200,6666.100098
13/11/2013,6726.799805,6726.799805,6614,6630,723057300,6630
12/11/2013,6728.399902,6728.399902,6693.299805,6726.799805,589417300,6726.799805
11/11/2013,6708.399902,6744.799805,6702,6728.399902,633862400,6728.399902
08/11/2013,6697.200195,6713.899902,6643.899902,6708.399902,598943100,6708.399902
07/11/2013,6741.700195,6779.200195,6680,6697.200195,641427800,6697.200195
06/11/2013,6746.799805,6768.200195,6735.600098,6741.700195,636589100,6741.700195
05/11/2013,6763.600098,6773.899902,6708.5,6746.799805,723671000,6746.799805
04/11/2013,6734.700195,6780.100098,6734.600098,6763.600098,510147600,6763.600098
01/11/2013,6731.399902,6760.899902,6715.299805,6734.700195,675463600,6734.700195
31/10/2013,6777.700195,6778.299805,6719.5,6731.399902,742779000,6731.399902
30/10/2013,6774.700195,6819.899902,6763.700195,6777.700195,656351600,6777.700195
29/10/2013,6725.799805,6777.200195,6718.899902,6774.700195,781277300,6774.700195
28/10/2013,6721.299805,6739.700195,6704.200195,6725.799805,590265200,6725.799805
25/10/2013,6713.200195,6729.700195,6700.399902,6721.299805,569150500,6721.299805
24/10/2013,6674.5,6719.299805,6674.200195,6713.200195,601321000,6713.200195
23/10/2013,6695.700195,6695.899902,6655.200195,6674.5,643936600,6674.5
22/10/2013,6654.200195,6719.299805,6653.700195,6695.700195,575007300,6695.700195
21/10/2013,6622.600098,6654.200195,6617.799805,6654.200195,494967200,6654.200195
18/10/2013,6576.200195,6622.700195,6576.200195,6622.600098,710029000,6622.600098
17/10/2013,6571.600098,6576.200195,6529.200195,6576.200195,669589600,6576.200195
16/10/2013,6549.100098,6584.399902,6504.299805,6571.600098,663774300,6571.600098
15/10/2013,6507.700195,6569.299805,6507.700195,6549.100098,603859700,6549.100098
14/10/2013,6487.200195,6507.799805,6464.399902,6507.700195,434972100,6507.700195
11/10/2013,6430.5,6489.200195,6430.5,6487.200195,545658000,6487.200195
10/10/2013,6337.899902,6446.200195,6337.899902,6430.5,631265600,6430.5
09/10/2013,6365.799805,6372.600098,6316.899902,6337.899902,605274000,6337.899902
08/10/2013,6437.299805,6437.700195,6365,6365.799805,718013100,6365.799805
07/10/2013,6453.899902,6453.899902,6391.5,6437.299805,484159000,6437.299805
04/10/2013,6449,6473.600098,6429,6453.899902,528846400,6453.899902
03/10/2013,6437.5,6472.399902,6436.200195,6449,617408100,6449
02/10/2013,6460,6460,6386.200195,6437.5,575169900,6437.5
01/10/2013,6462.200195,6466.299805,6424.399902,6460,599067900,6460
30/09/2013,6512.700195,6512.700195,6438.700195,6462.200195,667902900,6462.200195
27/09/2013,6565.600098,6568.899902,6487.299805,6512.700195,556754000,6512.700195
26/09/2013,6551.5,6580.899902,6535.799805,6565.600098,552698700,6565.600098
25/09/2013,6571.5,6588,6526.399902,6551.5,828370800,6551.5
24/09/2013,6557.399902,6585.399902,6549.899902,6571.5,663765500,6571.5
23/09/2013,6596.399902,6601.5,6542.700195,6557.399902,592407000,6557.399902
20/09/2013,6625.399902,6629.899902,6594.200195,6596.399902,1534434000,6596.399902
19/09/2013,6558.799805,6659.100098,6558.799805,6625.399902,799392100,6625.399902
18/09/2013,6570.200195,6587.600098,6532.5,6558.799805,793615500,6558.799805
17/09/2013,6622.899902,6623,6570.200195,6570.200195,1200508900,6570.200195
16/09/2013,6583.799805,6652.700195,6583.799805,6622.899902,565475200,6622.899902
13/09/2013,6589,6589,6561.799805,6583.799805,495637800,6583.799805
12/09/2013,6588.399902,6606.100098,6558.600098,6589,616038700,6589
11/09/2013,6584,6589.899902,6559.700195,6588.399902,709330400,6588.399902
10/09/2013,6530.700195,6599.5,6530.700195,6584,730044200,6584
09/09/2013,6547.299805,6555.899902,6508.799805,6530.700195,586569100,6530.700195
06/09/2013,6532.399902,6568.200195,6492.5,6547.299805,606304300,6547.299805
05/09/2013,6474.700195,6543.200195,6461.700195,6532.399902,758348500,6532.399902
04/09/2013,6468.399902,6486.399902,6423.5,6474.700195,717066000,6474.700195
03/09/2013,6506.200195,6523.200195,6457,6468.399902,737860300,6468.399902
02/09/2013,6412.899902,6532.299805,6412.899902,6506.200195,596599000,6506.200195
30/08/2013,6483.100098,6502.200195,6409.600098,6412.899902,797043300,6412.899902
29/08/2013,6430.100098,6500.5,6430,6483.100098,876297500,6483.100098
28/08/2013,6441,6441,6393.700195,6430.100098,748560000,6430.100098
27/08/2013,6492.100098,6494.200195,6424,6441,760395800,6441
26/08/2013,6492.100098,6492.100098,6492.100098,6492.100098,0,6492.100098
23/08/2013,6446.899902,6516.700195,6422.399902,6492.100098,485422600,6492.100098
22/08/2013,6390.799805,6468.899902,6390.600098,6446.899902,501840600,6446.899902
21/08/2013,6453.5,6453.600098,6386.700195,6390.799805,607065300,6390.799805
20/08/2013,6465.700195,6465.700195,6398.600098,6453.5,620943400,6453.5
19/08/2013,6500,6506.600098,6457.700195,6465.700195,467686900,6465.700195
16/08/2013,6483.299805,6502.299805,6461.299805,6500,637579900,6500
15/08/2013,6587.399902,6587.899902,6460.100098,6483.299805,667125400,6483.299805
14/08/2013,6611.899902,6628,6582.600098,6587.399902,678146300,6587.399902
13/08/2013,6574.299805,6620.399902,6568.399902,6611.899902,568866800,6611.899902
12/08/2013,6583.399902,6598.399902,6547,6574.299805,478927500,6574.299805
09/08/2013,6529.700195,6601.200195,6529.5,6583.399902,632934600,6583.399902
08/08/2013,6511.200195,6558.600098,6507.200195,6529.700195,566013400,6529.700195
07/08/2013,6604.200195,6625,6511.200195,6511.200195,641422000,6511.200195
06/08/2013,6619.600098,6630.100098,6562.299805,6604.200195,698361800,6604.200195
05/08/2013,6647.899902,6685,6590.100098,6619.600098,604089200,6619.600098
02/08/2013,6682,6696.600098,6623.899902,6647.899902,660354400,6647.899902
01/08/2013,6621.100098,6682,6607.299805,6682,977036100,6682
31/07/2013,6571,6659.399902,6556.700195,6621.100098,751660600,6621.100098
30/07/2013,6560.299805,6600.700195,6560.299805,6571,696264300,6571
29/07/2013,6554.799805,6606.399902,6544.100098,6560.299805,487601100,6560.299805
26/07/2013,6588,6629.899902,6535.200195,6554.799805,455317800,6554.799805
25/07/2013,6620.399902,6625.399902,6540.399902,6588,505142900,6588
24/07/2013,6597.399902,6662.200195,6581.600098,6620.399902,595811200,6620.399902
23/07/2013,6623.200195,6657.700195,6597.399902,6597.399902,673295800,6597.399902
22/07/2013,6630.700195,6645,6608.200195,6623.200195,502867700,6623.200195
19/07/2013,6634.399902,6635.200195,6592.100098,6630.700195,756017500,6630.700195
18/07/2013,6571.899902,6657.399902,6555.799805,6634.399902,657400600,6634.399902
17/07/2013,6556.399902,6595.600098,6517.399902,6571.899902,694630900,6571.899902
16/07/2013,6586.100098,6606.399902,6556.399902,6556.399902,746494800,6556.399902
15/07/2013,6544.899902,6605.899902,6544.899902,6586.100098,585046200,6586.100098
12/07/2013,6543.399902,6583.899902,6540.200195,6544.899902,595530200,6544.899902
11/07/2013,6505,6585.700195,6505,6543.399902,646067300,6543.399902
10/07/2013,6513.100098,6535.899902,6472.399902,6505,606500700,6505
09/07/2013,6450.100098,6530.899902,6450.100098,6513.100098,658607000,6513.100098
08/07/2013,6375.5,6476.100098,6375.5,6450.100098,622004000,6450.100098
05/07/2013,6421.700195,6498.600098,6364.399902,6375.5,725870000,6375.5
04/07/2013,6229.899902,6431.399902,6229.899902,6421.700195,824171700,6421.700195
03/07/2013,6303.899902,6303.899902,6185.200195,6229.899902,663008700,6229.899902
02/07/2013,6307.799805,6314.100098,6266.5,6303.899902,560698900,6303.899902
01/07/2013,6215.5,6317,6215.399902,6307.799805,657027100,6307.799805
28/06/2013,6243.399902,6268.799805,6207.700195,6215.5,920725800,6215.5
27/06/2013,6165.5,6271.799805,6165.5,6243.399902,803972700,6243.399902
26/06/2013,6101.899902,6177.899902,6089.200195,6165.5,754668000,6165.5
25/06/2013,6029.100098,6114.600098,6029.100098,6101.899902,786471900,6101.899902
24/06/2013,6116.200195,6136.100098,6023.399902,6029.100098,864109800,6029.100098
21/06/2013,6159.5,6244.200195,6116.200195,6116.200195,1508289800,6116.200195
20/06/2013,6348.799805,6348.799805,6145,6159.5,874375000,6159.5
19/06/2013,6374.200195,6383.600098,6327,6348.799805,723618600,6348.799805
18/06/2013,6330.5,6397.299805,6311.399902,6374.200195,654137300,6374.200195
17/06/2013,6308.299805,6370.799805,6308.299805,6330.5,575444200,6330.5
14/06/2013,6304.600098,6343.5,6290.600098,6308.299805,734161700,6308.299805
13/06/2013,6299.5,6311,6205.700195,6304.600098,824350700,6304.600098
12/06/2013,6340.100098,6364.299805,6295.899902,6299.5,693795800,6299.5
11/06/2013,6400.5,6401.200195,6280.100098,6340.100098,736368300,6340.100098
10/06/2013,6412,6421.200195,6379.600098,6400.5,597227000,6400.5
07/06/2013,6336.100098,6421.399902,6313.600098,6412,786639400,6412
06/06/2013,6419.299805,6435.399902,6336.100098,6336.100098,680974000,6336.100098
05/06/2013,6558.600098,6558.600098,6419.299805,6419.299805,800986600,6419.299805
04/06/2013,6525.100098,6577,6525.100098,6558.600098,806462900,6558.600098
03/06/2013,6583.100098,6583.100098,6514.100098,6525.100098,780013000,6525.100098
31/05/2013,6657,6657.100098,6577.799805,6583.100098,1182587300,6583.100098
30/05/2013,6627.200195,6657,6611,6657,594003700,6657
29/05/2013,6762,6762,6620.799805,6627.200195,613718300,6627.200195
28/05/2013,6654.299805,6790.700195,6654.299805,6762,658595500,6762
27/05/2013,6654.299805,6654.299805,6654.299805,6654.299805,0,6654.299805
24/05/2013,6696.799805,6720.100098,6640.100098,6654.299805,787892200,6654.299805
23/05/2013,6840.299805,6840.299805,6658.799805,6696.799805,987091200,6696.799805
22/05/2013,6803.899902,6875.600098,6781.5,6840.299805,964619800,6840.299805
21/05/2013,6755.600098,6803.899902,6744.200195,6803.899902,763672400,6803.899902
20/05/2013,6723.100098,6755.600098,6709.100098,6755.600098,736130700,6755.600098
17/05/2013,6687.799805,6726.899902,6669.899902,6723.100098,855145300,6723.100098
16/05/2013,6693.600098,6714.5,6677.200195,6687.799805,766342800,6687.799805
15/05/2013,6686.100098,6701.700195,6669,6693.600098,690863200,6693.600098
14/05/2013,6631.799805,6686.100098,6618.399902,6686.100098,618403700,6686.100098
13/05/2013,6625,6633.299805,6602.799805,6631.799805,560542000,6631.799805
10/05/2013,6592.700195,6637.799805,6591.600098,6625,807522700,6625
09/05/2013,6583.5,6597.299805,6571.700195,6592.700195,750085400,6592.700195
08/05/2013,6557.299805,6587.399902,6547,6583.5,703446800,6583.5
07/05/2013,6521.5,6563.899902,6521.399902,6557.299805,795845400,6557.299805
06/05/2013,6521.5,6521.5,6521.5,6521.5,0,6521.5
03/05/2013,6460.700195,6541.700195,6451.5,6521.5,768857600,6521.5
02/05/2013,6451.299805,6470.299805,6409.799805,6460.700195,744888400,6460.700195
01/05/2013,6430.100098,6475.899902,6429.799805,6451.299805,409459900,6451.299805
30/04/2013,6458,6483.100098,6412.700195,6430.100098,1079343900,6430.100098
29/04/2013,6426.399902,6458,6419.299805,6458,636101000,6458
26/04/2013,6442.600098,6442.600098,6399.399902,6426.399902,560270500,6426.399902
25/04/2013,6431.799805,6467.100098,6411.899902,6442.600098,739178900,6442.600098
24/04/2013,6406.100098,6438.899902,6396.200195,6431.799805,735699100,6431.799805
23/04/2013,6280.600098,6406.100098,6278.5,6406.100098,719139100,6406.100098
22/04/2013,6286.600098,6342,6259,6280.600098,603305900,6280.600098
19/04/2013,6243.700195,6288.700195,6243.700195,6286.600098,694202900,6286.600098
18/04/2013,6244.200195,6277.799805,6225.899902,6243.700195,668152700,6243.700195
17/04/2013,6304.600098,6334.399902,6225.200195,6244.200195,738341700,6244.200195
16/04/2013,6343.600098,6343.600098,6297.5,6304.600098,609897600,6304.600098
15/04/2013,6384.399902,6384.399902,6300.100098,6343.600098,576452100,6343.600098
12/04/2013,6416.100098,6416.100098,6368.200195,6384.399902,521445800,6384.399902
11/04/2013,6387.399902,6423.600098,6377.5,6416.100098,556826000,6416.100098
10/04/2013,6313.200195,6405.200195,6313.200195,6387.399902,678441400,6387.399902
09/04/2013,6276.899902,6326.5,6276.899902,6313.200195,613230800,6313.200195
08/04/2013,6249.799805,6289.600098,6249.799805,6276.899902,650412500,6276.899902
05/04/2013,6344.100098,6346.799805,6214.399902,6249.799805,668684100,6249.799805
04/04/2013,6420.299805,6426.399902,6341.399902,6344.100098,680161200,6344.100098
03/04/2013,6490.700195,6491.799805,6416.700195,6420.299805,676016200,6420.299805
02/04/2013,6411.700195,6501.799805,6408.799805,6490.700195,913557400,6490.700195
01/04/2013,6411.700195,6411.700195,6411.700195,6411.700195,0,6411.700195
29/03/2013,6411.700195,6411.700195,6411.700195,6411.700195,0,6411.700195
28/03/2013,6387.600098,6447.899902,6382,6411.700195,731507000,6411.700195
27/03/2013,6399.399902,6420.899902,6344.200195,6387.600098,755244900,6387.600098
26/03/2013,6378.399902,6404.5,6369.600098,6399.399902,650359300,6399.399902
25/03/2013,6392.799805,6458.5,6366.600098,6378.399902,768298200,6378.399902
22/03/2013,6388.600098,6426.5,6374.5,6392.799805,768806500,6392.799805
21/03/2013,6432.700195,6435.600098,6364,6388.600098,641944200,6388.600098
20/03/2013,6441.299805,6475.600098,6421.299805,6432.700195,724526500,6432.700195
19/03/2013,6457.899902,6474.600098,6414.5,6441.299805,679522800,6441.299805
18/03/2013,6489.700195,6489.700195,6386.200195,6457.899902,748775900,6457.899902
15/03/2013,6529.399902,6533.799805,6470.100098,6489.700195,1262249400,6489.700195
14/03/2013,6481.5,6532.600098,6478.5,6529.399902,791452600,6529.399902
13/03/2013,6510.600098,6510.600098,6437.600098,6481.5,666282400,6481.5
12/03/2013,6503.600098,6534,6491.799805,6510.600098,616794400,6510.600098
11/03/2013,6483.600098,6505.299805,6473.600098,6503.600098,625234000,6503.600098
08/03/2013,6439.200195,6489.5,6439.200195,6483.600098,844774800,6483.600098
07/03/2013,6427.600098,6459.700195,6427.299805,6439.200195,923031500,6439.200195
06/03/2013,6432,6461,6418.700195,6427.600098,1098361600,6427.600098
05/03/2013,6345.600098,6437.299805,6344.799805,6432,683437100,6432
04/03/2013,6378.600098,6379.299805,6333.200195,6345.600098,704235700,6345.600098
01/03/2013,6360.799805,6391.700195,6308.600098,6378.600098,1106390100,6378.600098
28/02/2013,6325.899902,6372,6325.899902,6360.799805,909994200,6360.799805
27/02/2013,6270.399902,6335.899902,6269.299805,6325.899902,707922300,6325.899902
26/02/2013,6355.399902,6355.399902,6258.600098,6270.399902,772273300,6270.399902
25/02/2013,6335.700195,6390.100098,6324,6355.399902,994472400,6355.399902
22/02/2013,6291.5,6347.299805,6291.5,6335.700195,702828200,6335.700195
21/02/2013,6395.399902,6395.399902,6278,6291.5,733017000,6291.5
20/02/2013,6379.100098,6412.399902,6368.200195,6395.399902,756333900,6395.399902
19/02/2013,6318.200195,6385.100098,6304.399902,6379.100098,672871900,6379.100098
18/02/2013,6328.299805,6330.200195,6306.799805,6318.200195,459974900,6318.200195
15/02/2013,6327.399902,6352.200195,6309.799805,6328.299805,636564400,6328.299805
14/02/2013,6359.100098,6364.700195,6302,6327.399902,713898900,6327.399902
13/02/2013,6338.399902,6384.700195,6311.600098,6359.100098,756377700,6359.100098
12/02/2013,6277.100098,6338.399902,6259.799805,6338.399902,813154300,6338.399902
11/02/2013,6263.899902,6294.799805,6252.299805,6277.100098,448134200,6277.100098
08/02/2013,6228.399902,6278.100098,6228.399902,6263.899902,589359300,6263.899902
07/02/2013,6295.299805,6313,6216.700195,6228.399902,721694500,6228.399902
06/02/2013,6282.799805,6321.5,6265.600098,6295.299805,673857000,6295.299805
05/02/2013,6246.799805,6296.5,6244.100098,6282.799805,612214600,6282.799805
04/02/2013,6347.200195,6347.299805,6236.700195,6246.799805,765896900,6246.799805
01/02/2013,6276.899902,6354,6275.5,6347.200195,686175200,6347.200195
31/01/2013,6323.100098,6323.100098,6276.899902,6276.899902,809378600,6276.899902
30/01/2013,6339.200195,6354.5,6316.299805,6323.100098,691737600,6323.100098
29/01/2013,6294.399902,6346.399902,6285.799805,6339.200195,641748600,6339.200195
28/01/2013,6284.5,6311.299805,6277,6294.399902,533448800,6294.399902
25/01/2013,6264.899902,6284.5,6247.299805,6284.5,585517400,6284.5
24/01/2013,6197.600098,6271.399902,6186.5,6264.899902,655654900,6264.899902
23/01/2013,6179.200195,6200.5,6178.5,6197.600098,685179700,6197.600098
22/01/2013,6181,6188.600098,6149.200195,6179.200195,558352800,6179.200195
21/01/2013,6154.399902,6182.200195,6154.399902,6181,401154800,6181
18/01/2013,6132.399902,6172.5,6131.899902,6154.399902,713504600,6154.399902
17/01/2013,6104,6135.899902,6087.5,6132.399902,622925200,6132.399902
16/01/2013,6117.299805,6117.299805,6076.100098,6104,818412100,6104
15/01/2013,6107.899902,6117.299805,6086.200195,6117.299805,700998500,6117.299805
14/01/2013,6121.600098,6134.200195,6104.899902,6107.899902,628350000,6107.899902
11/01/2013,6101.5,6121.600098,6095.100098,6121.600098,685724400,6121.600098
10/01/2013,6098.700195,6118.299805,6090.600098,6101.5,764650200,6101.5
09/01/2013,6053.600098,6112.299805,6053.600098,6098.700195,812116200,6098.700195
08/01/2013,6064.600098,6088.200195,6053.600098,6053.600098,663115700,6053.600098
07/01/2013,6089.799805,6091.5,6060.799805,6064.600098,571661700,6064.600098
04/01/2013,6047.299805,6089.799805,6038,6089.799805,548929200,6089.799805
03/01/2013,6027.399902,6051.299805,6016.799805,6047.299805,470665900,6047.299805
02/01/2013,5897.799805,6044.600098,5897.799805,6027.399902,652659400,6027.399902
01/01/2013,5897.799805,5897.799805,5897.799805,5897.799805,0,5897.799805
31/12/2012,5925.399902,5925.399902,5873.399902,5897.799805,164636500,5897.799805
28/12/2012,5954.299805,5976,5915.299805,5925.399902,306906200,5925.399902
27/12/2012,5954.200195,5997,5942.399902,5954.299805,340703400,5954.299805
26/12/2012,5954.200195,5954.200195,5954.200195,5954.200195,0,5954.200195
25/12/2012,5954.200195,5954.200195,5954.200195,5954.200195,0,5954.200195
24/12/2012,5940,5957.700195,5937.100098,5954.200195,149881300,5954.200195
21/12/2012,5958.299805,5958.299805,5894.100098,5940,933059900,5940
20/12/2012,5961.600098,5970.899902,5950.100098,5958.299805,596569500,5958.299805
19/12/2012,5935.899902,5977.799805,5935.899902,5961.600098,743375800,5961.600098
18/12/2012,5912.200195,5946.399902,5911.100098,5935.899902,664063300,5935.899902
17/12/2012,5921.799805,5923.899902,5881,5912.200195,533505800,5912.200195
14/12/2012,5929.600098,5944.5,5915.299805,5921.799805,529958300,5921.799805
13/12/2012,5945.899902,5947.899902,5918.600098,5929.600098,557270400,5929.600098
12/12/2012,5925,5948.5,5915.899902,5945.899902,629912400,5945.899902
11/12/2012,5921.600098,5937.899902,5908.299805,5925,514655800,5925
10/12/2012,5914.399902,5924,5891.299805,5921.600098,463904100,5921.600098
07/12/2012,5901.399902,5923.100098,5889.899902,5914.399902,584102500,5914.399902
06/12/2012,5892.100098,5923.899902,5889.700195,5901.399902,637068600,5901.399902
05/12/2012,5869,5902.700195,5869,5892.100098,610548500,5892.100098
04/12/2012,5871.200195,5885.399902,5852.899902,5869,596025500,5869
03/12/2012,5866.799805,5902,5859.600098,5871.200195,512045500,5871.200195
30/11/2012,5870.299805,5904.399902,5860.299805,5866.799805,699163600,5866.799805
29/11/2012,5803.299805,5884,5803.299805,5870.299805,652938200,5870.299805
28/11/2012,5799.700195,5808.299805,5755.200195,5803.299805,610194800,5803.299805
27/11/2012,5786.700195,5823.200195,5786.700195,5799.700195,659091000,5799.700195
26/11/2012,5819.100098,5819.100098,5773.899902,5786.700195,601954400,5786.700195
23/11/2012,5791,5830.5,5781.399902,5819.100098,427505000,5819.100098
22/11/2012,5752,5796.5,5752,5791,511821700,5791
21/11/2012,5748.100098,5760.100098,5727.899902,5752,640008800,5752
20/11/2012,5737.700195,5751.799805,5706.700195,5748.100098,803266300,5748.100098
19/11/2012,5605.600098,5739.700195,5605.600098,5737.700195,745281500,5737.700195
16/11/2012,5677.799805,5682.700195,5605.600098,5605.600098,939385600,5605.600098
15/11/2012,5722,5722,5674.299805,5677.799805,799767400,5677.799805
14/11/2012,5786.299805,5786.299805,5719.600098,5722,865457700,5722
13/11/2012,5767.299805,5786.299805,5711,5786.299805,950283500,5786.299805
12/11/2012,5769.700195,5795.299805,5762,5767.299805,654357700,5767.299805
09/11/2012,5776.100098,5786.399902,5715.200195,5769.700195,708900000,5769.700195
08/11/2012,5791.600098,5824.399902,5770.700195,5776.100098,729278400,5776.100098
07/11/2012,5884.899902,5921.799805,5789.399902,5791.600098,922666000,5791.600098
06/11/2012,5839.100098,5885.200195,5839.100098,5884.899902,774672800,5884.899902
05/11/2012,5868.600098,5868.600098,5825.600098,5839.100098,565871300,5839.100098
02/11/2012,5861.899902,5890.100098,5844.299805,5868.600098,855128600,5868.600098
01/11/2012,5782.700195,5866.799805,5778,5861.899902,1042591700,5861.899902
31/10/2012,5849.899902,5866.700195,5782.700195,5782.700195,874664200,5782.700195
30/10/2012,5795.100098,5852.200195,5794.899902,5849.899902,403992400,5849.899902
29/10/2012,5806.700195,5812.700195,5763.5,5795.100098,432888800,5795.100098
26/10/2012,5805.100098,5817.899902,5753.299805,5806.700195,622849800,5806.700195
25/10/2012,5804.799805,5840.600098,5802.200195,5805.100098,654435200,5805.100098
24/10/2012,5797.899902,5823.200195,5776.600098,5804.799805,953707400,5804.799805
23/10/2012,5882.899902,5893.399902,5789,5797.899902,654156800,5797.899902
22/10/2012,5896.200195,5911,5869.899902,5882.899902,540270400,5882.899902
19/10/2012,5917.100098,5919.700195,5892.200195,5896.200195,829321100,5896.200195
18/10/2012,5910.899902,5928.299805,5896.5,5917.100098,869993300,5917.100098
17/10/2012,5870.5,5915.600098,5868.700195,5910.899902,903398900,5910.899902
16/10/2012,5805.600098,5878.100098,5805.600098,5870.5,877624500,5870.5
15/10/2012,5793.299805,5827.899902,5786,5805.600098,695435700,5805.600098
12/10/2012,5829.799805,5829.799805,5793.299805,5793.299805,888088200,5793.299805
11/10/2012,5776.700195,5846.299805,5766.700195,5829.799805,693356400,5829.799805
10/10/2012,5810.299805,5810.5,5776.700195,5776.700195,681615400,5776.700195
09/10/2012,5841.700195,5856.399902,5795.200195,5810.299805,574468400,5810.299805
08/10/2012,5871,5871,5818.799805,5841.700195,492224100,5841.700195
05/10/2012,5827.799805,5885.600098,5827.600098,5871,883077400,5871
04/10/2012,5825.799805,5854.200195,5803.200195,5827.799805,817156300,5827.799805
03/10/2012,5809.5,5832.5,5785,5825.799805,606196800,5825.799805
02/10/2012,5820.5,5840.399902,5781.399902,5809.5,704898700,5809.5
01/10/2012,5742.100098,5843.5,5738.600098,5820.5,690293800,5820.5
28/09/2012,5779.399902,5807.799805,5740.5,5742.100098,745469400,5742.100098
27/09/2012,5768.100098,5804.100098,5763,5779.399902,545045200,5779.399902
26/09/2012,5859.700195,5859.700195,5751.399902,5768.100098,685626300,5768.100098
25/09/2012,5838.799805,5869.200195,5828.299805,5859.700195,737347700,5859.700195
24/09/2012,5852.600098,5852.600098,5806.100098,5838.799805,736974100,5838.799805
21/09/2012,5854.600098,5887.600098,5838.899902,5852.600098,1202461200,5852.600098
20/09/2012,5888.5,5888.5,5824.399902,5854.600098,656511300,5854.600098
19/09/2012,5868.200195,5894.399902,5861,5888.5,704137700,5888.5
18/09/2012,5893.5,5893.5,5837.5,5868.200195,802597700,5868.200195
17/09/2012,5915.600098,5915.700195,5883.200195,5893.5,691683900,5893.5
14/09/2012,5819.899902,5932.600098,5819.899902,5915.600098,1506216700,5915.600098
13/09/2012,5782.100098,5826.600098,5770.299805,5819.899902,819530100,5819.899902
12/09/2012,5792.200195,5821.200195,5757.600098,5782.100098,1101683900,5782.100098
11/09/2012,5793.200195,5796.600098,5764.200195,5792.200195,779957800,5792.200195
10/09/2012,5794.799805,5806.799805,5777.100098,5793.200195,672891000,5793.200195
07/09/2012,5777.299805,5807.600098,5772.899902,5794.799805,1271438400,5794.799805
06/09/2012,5657.899902,5786,5657.899902,5777.299805,1097422200,5777.299805
05/09/2012,5672,5675.899902,5634.899902,5657.899902,737252900,5657.899902
04/09/2012,5758.399902,5758.399902,5658.299805,5672,628708300,5672
03/09/2012,5711.5,5758.399902,5701.100098,5758.399902,394561500,5758.399902
31/08/2012,5719.5,5763.799805,5708,5711.5,851664900,5711.5
30/08/2012,5743.5,5743.5,5705.700195,5719.5,479116800,5719.5
29/08/2012,5775.700195,5775.799805,5739.200195,5743.5,523480600,5743.5
28/08/2012,5776.600098,5779.5,5749.799805,5775.700195,524544700,5775.700195
27/08/2012,5776.600098,5776.600098,5776.600098,5776.600098,0,5776.600098
24/08/2012,5776.600098,5791.399902,5739.399902,5776.600098,487763900,5776.600098
23/08/2012,5774.200195,5809.299805,5764,5776.600098,636105200,5776.600098
22/08/2012,5857.5,5857.5,5771.200195,5774.200195,535193100,5774.200195
21/08/2012,5824.399902,5872.600098,5824.399902,5857.5,501843600,5857.5
20/08/2012,5852.399902,5857.5,5802.899902,5824.399902,692842000,5824.399902
17/08/2012,5834.5,5854.700195,5834.399902,5852.399902,731769500,5852.399902
16/08/2012,5833,5846.700195,5811.299805,5834.5,587033800,5834.5
15/08/2012,5864.799805,5864.799805,5822.299805,5833,560382800,5833
14/08/2012,5831.899902,5876.200195,5831.899902,5864.799805,627904000,5864.799805
13/08/2012,5847.100098,5852.799805,5813.600098,5831.899902,410230200,5831.899902
10/08/2012,5851.5,5858.600098,5827.700195,5847.100098,466836800,5847.100098
09/08/2012,5845.899902,5860.200195,5828.399902,5851.5,741075800,5851.5
08/08/2012,5841.200195,5845.899902,5801.100098,5845.899902,588922600,5845.899902
07/08/2012,5808.799805,5841.200195,5785,5841.200195,779689000,5841.200195
06/08/2012,5787.299805,5837.600098,5767.100098,5808.799805,613098000,5808.799805
03/08/2012,5662.299805,5794,5662.299805,5787.299805,748571600,5787.299805
02/08/2012,5712.799805,5765.799805,5657.299805,5662.299805,805200700,5662.299805
01/08/2012,5635.299805,5712.799805,5633,5712.799805,554180400,5712.799805
31/07/2012,5693.600098,5695.5,5635.299805,5635.299805,645790800,5635.299805
30/07/2012,5627.200195,5706.5,5625.700195,5693.600098,648632900,5693.600098
27/07/2012,5573.200195,5631,5550.899902,5627.200195,732786100,5627.200195
26/07/2012,5498.299805,5594.5,5478,5573.200195,817687800,5573.200195
25/07/2012,5499.200195,5526.100098,5478,5498.299805,621394800,5498.299805
24/07/2012,5533.899902,5556.600098,5487,5499.200195,551196900,5499.200195
23/07/2012,5651.799805,5651.799805,5510.899902,5533.899902,691607200,5533.899902
20/07/2012,5714.200195,5714.200195,5644.899902,5651.799805,961834500,5651.799805
19/07/2012,5685.799805,5718.600098,5685.799805,5714.200195,711475200,5714.200195
18/07/2012,5629.100098,5688.299805,5624.5,5685.799805,669962500,5685.799805
17/07/2012,5662.399902,5676.5,5621.200195,5629.100098,602763200,5629.100098
16/07/2012,5666.100098,5670.600098,5640.899902,5662.399902,569289800,5662.399902
13/07/2012,5608.299805,5675.600098,5608.299805,5666.100098,609268500,5666.100098
12/07/2012,5664.5,5664.5,5588.799805,5608.299805,667049300,5608.299805
11/07/2012,5664.100098,5674.700195,5625.600098,5664.5,606669000,5664.5
10/07/2012,5627.299805,5688.700195,5622.299805,5664.100098,607970100,5664.100098
09/07/2012,5662.600098,5669.799805,5610.700195,5627.299805,682352500,5627.299805
06/07/2012,5692.600098,5695.100098,5647.5,5662.600098,602832000,5662.600098
05/07/2012,5684.5,5727.5,5662.5,5692.600098,766719300,5692.600098
04/07/2012,5687.700195,5699.899902,5669.700195,5684.5,445463400,5684.5
03/07/2012,5640.600098,5689,5636.100098,5687.700195,795293400,5687.700195
02/07/2012,5571.200195,5640.600098,5571.200195,5640.600098,696936400,5640.600098
29/06/2012,5493.100098,5619.700195,5493.100098,5571.200195,1061581800,5571.200195
28/06/2012,5523.899902,5533.799805,5436.5,5493.100098,1027922600,5493.100098
27/06/2012,5447,5525.100098,5447,5523.899902,678486600,5523.899902
26/06/2012,5450.700195,5476.5,5436.299805,5447,631700600,5447
25/06/2012,5513.700195,5513.700195,5435.5,5450.700195,716161000,5450.700195
22/06/2012,5566.399902,5566.399902,5500,5513.700195,677911200,5513.700195
21/06/2012,5622.299805,5622.299805,5564.799805,5566.399902,785237400,5566.399902
20/06/2012,5586.299805,5623.899902,5566,5622.299805,903447000,5622.299805
19/06/2012,5491.100098,5603.100098,5491,5586.299805,816800600,5586.299805
18/06/2012,5478.799805,5555.299805,5461.100098,5491.100098,879532400,5491.100098
15/06/2012,5467.100098,5522.899902,5465.100098,5478.799805,2307095200,5478.799805
14/06/2012,5483.799805,5483.799805,5424.399902,5467.100098,985630700,5467.100098
13/06/2012,5473.700195,5507.700195,5436.700195,5483.799805,831010500,5483.799805
12/06/2012,5432.399902,5478.600098,5414.600098,5473.700195,890749100,5473.700195
11/06/2012,5435.100098,5536.299805,5419.600098,5432.399902,950512200,5432.399902
08/06/2012,5447.799805,5447.799805,5381.799805,5435.100098,916402400,5435.100098
07/06/2012,5384.100098,5494.5,5384.100098,5447.799805,1030125200,5447.799805
06/06/2012,5260.200195,5388,5260.200195,5384.100098,1098347700,5384.100098
05/06/2012,5260.200195,5260.200195,5260.200195,5260.200195,0,5260.200195
04/06/2012,5260.200195,5260.200195,5260.200195,5260.200195,0,5260.200195
01/06/2012,5320.899902,5354.5,5229.799805,5260.200195,1056087800,5260.200195
31/05/2012,5297.299805,5352.100098,5272.700195,5320.899902,1398519800,5320.899902
30/05/2012,5391.100098,5391.100098,5284.399902,5297.299805,863484700,5297.299805
29/05/2012,5356.299805,5404.700195,5342.5,5391.100098,729588100,5391.100098
28/05/2012,5351.5,5413.799805,5341.299805,5356.299805,510686600,5356.299805
25/05/2012,5350.100098,5385.200195,5312.200195,5351.5,734363700,5351.5
24/05/2012,5266.399902,5371.799805,5266.399902,5350.100098,737282500,5350.100098
23/05/2012,5403.299805,5403.700195,5262.899902,5266.399902,997826100,5266.399902
22/05/2012,5304.5,5408.700195,5304.5,5403.299805,931864300,5403.299805
21/05/2012,5267.600098,5324.399902,5253.899902,5304.5,914314900,5304.5
18/05/2012,5338.399902,5338.399902,5256.600098,5267.600098,1225450800,5267.600098
17/05/2012,5405.299805,5413.299805,5309.799805,5338.399902,894671500,5338.399902
16/05/2012,5437.600098,5448.399902,5354,5405.299805,1026459500,5405.299805
15/05/2012,5465.5,5507.700195,5411.799805,5437.600098,876368200,5437.600098
14/05/2012,5575.5,5575.700195,5436.700195,5465.5,883929300,5465.5
11/05/2012,5544,5585.5,5499.299805,5575.5,772576800,5575.5
10/05/2012,5530.100098,5566.100098,5490.5,5544,847647600,5544
09/05/2012,5554.600098,5571.700195,5464.399902,5530.100098,1006218000,5530.100098
08/05/2012,5655.100098,5668.100098,5550.100098,5554.600098,1052975800,5554.600098
07/05/2012,5655.100098,5655.100098,5655.100098,5655.100098,0,5655.100098
04/05/2012,5766.600098,5766.600098,5639.799805,5655.100098,1013188100,5655.100098
03/05/2012,5758.100098,5800.799805,5745.200195,5766.600098,788566200,5766.600098
02/05/2012,5812.200195,5819.899902,5736.700195,5758.100098,962324800,5758.100098
01/05/2012,5737.799805,5819,5732.200195,5812.200195,653605400,5812.200195
30/04/2012,5777.100098,5793,5728.899902,5737.799805,784967000,5737.799805
27/04/2012,5748.700195,5789,5708,5777.100098,812249700,5777.100098
26/04/2012,5718.899902,5761.100098,5691.700195,5748.700195,879956100,5748.700195
25/04/2012,5709.5,5745,5703.200195,5718.899902,859133200,5718.899902
24/04/2012,5665.600098,5714.200195,5658.5,5709.5,807899200,5709.5
23/04/2012,5772.200195,5772.200195,5637.700195,5665.600098,777185500,5665.600098
20/04/2012,5744.600098,5775.700195,5724.200195,5772.200195,847833800,5772.200195
19/04/2012,5745.299805,5792.100098,5738.100098,5744.600098,958392100,5744.600098
18/04/2012,5767,5783.899902,5730.899902,5745.299805,873962600,5745.299805
17/04/2012,5666.299805,5773.700195,5651.5,5767,856433000,5767
16/04/2012,5651.799805,5708,5641.100098,5666.299805,1101926600,5666.299805
13/04/2012,5710.5,5710.799805,5643.5,5651.799805,830223000,5651.799805
12/04/2012,5634.700195,5727.899902,5602.600098,5710.5,1115210000,5710.5
11/04/2012,5595.600098,5655.899902,5576.399902,5634.700195,1132327600,5634.700195
10/04/2012,5723.700195,5723.700195,5595.600098,5595.600098,1008933700,5595.600098
09/04/2012,5723.700195,5723.700195,5723.700195,5723.700195,0,5723.700195
06/04/2012,5723.700195,5723.700195,5723.700195,5723.700195,0,5723.700195
05/04/2012,5703.799805,5731.700195,5663.299805,5723.700195,905682000,5723.700195
04/04/2012,5838.299805,5838.299805,5685.700195,5703.799805,1174203100,5703.799805
03/04/2012,5874.899902,5890.200195,5838.299805,5838.299805,896434000,5838.299805
02/04/2012,5768.5,5874.899902,5748.600098,5874.899902,886248600,5874.899902
30/03/2012,5742,5782.700195,5742,5768.5,990170000,5768.5
29/03/2012,5809,5812.200195,5726.5,5742,1084172100,5742
28/03/2012,5869.600098,5877.899902,5809,5809,931498400,5809
27/03/2012,5902.700195,5941.899902,5863.799805,5869.600098,1257297400,5869.600098
26/03/2012,5854.899902,5913.100098,5854.5,5902.700195,722858600,5902.700195
23/03/2012,5845.700195,5875.700195,5801.700195,5854.899902,848516900,5854.899902
22/03/2012,5892,5892,5825.899902,5845.700195,883155700,5845.700195
21/03/2012,5891.399902,5921.700195,5880.799805,5892,907211300,5892
20/03/2012,5961.100098,5961.100098,5876.399902,5891.399902,978545300,5891.399902
19/03/2012,5965.600098,5968.899902,5928.5,5961.100098,951065300,5961.100098
16/03/2012,5940.700195,5974.100098,5940.700195,5965.600098,1830036200,5965.600098
15/03/2012,5945.399902,5958.200195,5919.200195,5940.700195,1034944400,5940.700195
14/03/2012,5955.899902,5989.100098,5945.399902,5945.399902,1165018000,5945.399902
13/03/2012,5892.799805,5957.899902,5892.799805,5955.899902,761933800,5955.899902
12/03/2012,5887.5,5894.100098,5860.399902,5892.799805,800492000,5892.799805
09/03/2012,5859.700195,5897.600098,5842.899902,5887.5,854778900,5887.5
08/03/2012,5791.399902,5874.299805,5791.399902,5859.700195,828107700,5859.700195
07/03/2012,5765.799805,5801.100098,5755.700195,5791.399902,859928000,5791.399902
06/03/2012,5874.799805,5874.799805,5758.399902,5765.799805,989886600,5765.799805
05/03/2012,5911.100098,5911.100098,5865.399902,5874.799805,873447200,5874.799805
02/03/2012,5931.299805,5940,5908.5,5911.100098,736456500,5911.100098
01/03/2012,5871.5,5936.100098,5858.899902,5931.299805,900749900,5931.299805
29/02/2012,5927.899902,5944.799805,5871.5,5871.5,1201161000,5871.5
28/02/2012,5915.600098,5937,5900,5927.899902,804670300,5927.899902
27/02/2012,5935.100098,5935.100098,5865.899902,5915.600098,966771100,5915.600098
24/02/2012,5937.899902,5964,5925.5,5935.100098,1010948400,5935.100098
23/02/2012,5916.600098,5952.5,5900.5,5937.899902,1071356900,5937.899902
22/02/2012,5928.200195,5938,5894.600098,5916.600098,872089000,5916.600098
21/02/2012,5945.299805,5948.799805,5916.600098,5928.200195,846269200,5928.200195
20/02/2012,5905.100098,5956.299805,5905.100098,5945.299805,723669700,5945.299805
17/02/2012,5885.399902,5923.600098,5885.399902,5905.100098,1101911000,5905.100098
16/02/2012,5892.200195,5892.399902,5829.399902,5885.399902,751180400,5885.399902
15/02/2012,5899.899902,5923.799805,5880.600098,5892.200195,801550200,5892.200195
14/02/2012,5905.700195,5920.600098,5877.200195,5899.899902,832567200,5899.899902
13/02/2012,5852.399902,5920.100098,5852.399902,5905.700195,641643100,5905.700195
10/02/2012,5895.5,5895.5,5839.899902,5852.399902,948790300,5852.399902
09/02/2012,5875.899902,5916.299805,5870.600098,5895.5,973462200,5895.5
08/02/2012,5890.299805,5916.200195,5871.299805,5875.899902,809267800,5875.899902
07/02/2012,5892.200195,5906.700195,5850.5,5890.299805,785340700,5890.299805
06/02/2012,5901.100098,5901.100098,5863.600098,5892.200195,828464600,5892.200195
03/02/2012,5796.100098,5901.100098,5784.200195,5901.100098,1156774200,5901.100098
02/02/2012,5790.700195,5809.799805,5765.700195,5796.100098,967388600,5796.100098
01/02/2012,5681.600098,5790.700195,5680.700195,5790.700195,985247100,5790.700195
31/01/2012,5671.100098,5730.299805,5671.100098,5681.600098,1018319100,5681.600098
30/01/2012,5733.5,5733.5,5651.600098,5671.100098,778100000,5671.100098
27/01/2012,5795.200195,5795.200195,5729,5733.5,790045200,5733.5
26/01/2012,5723,5806.200195,5722.799805,5795.200195,874328700,5795.200195
25/01/2012,5751.899902,5777.700195,5694.100098,5723,884691100,5723
24/01/2012,5782.600098,5782.600098,5719.899902,5751.899902,916105000,5751.899902
23/01/2012,5728.600098,5789.899902,5723.100098,5782.600098,852459600,5782.600098
20/01/2012,5741.200195,5749.799805,5721.600098,5728.600098,1315166200,5728.600098
19/01/2012,5702.399902,5743.899902,5693.200195,5741.200195,1404271200,5741.200195
18/01/2012,5694,5709.899902,5647.899902,5702.399902,792321000,5702.399902
17/01/2012,5657.399902,5724.399902,5657.399902,5694,1232187300,5694
16/01/2012,5636.600098,5662.899902,5609.899902,5657.399902,672822900,5657.399902
13/01/2012,5662.399902,5709.200195,5583.5,5636.600098,1318584400,5636.600098
12/01/2012,5670.799805,5699.600098,5640.299805,5662.399902,1382096100,5662.399902
11/01/2012,5696.700195,5700.799805,5644.799805,5670.799805,893410000,5670.799805
10/01/2012,5612.299805,5711.899902,5612.299805,5696.700195,865034500,5696.700195
09/01/2012,5649.700195,5673.799805,5604.600098,5612.299805,785646100,5612.299805
06/01/2012,5624.299805,5682.799805,5623.399902,5649.700195,705018100,5649.700195
05/01/2012,5668.5,5689.299805,5614.399902,5624.299805,794279400,5624.299805
04/01/2012,5699.899902,5719.799805,5646.399902,5668.5,696937800,5668.5
03/01/2012,5572.299805,5699.899902,5572.299805,5699.899902,778529200,5699.899902
02/01/2012,5572.299805,5572.299805,5572.299805,5572.299805,0,5572.299805
30/12/2011,5566.799805,5588.399902,5535.200195,5572.299805,188110800,5572.299805
29/12/2011,5507.399902,5566.799805,5496.899902,5566.799805,325749000,5566.799805
28/12/2011,5512.700195,5567.899902,5491,5507.399902,449839700,5507.399902
27/12/2011,5512.700195,5512.700195,5512.700195,5512.700195,0,5512.700195
26/12/2011,5512.700195,5512.700195,5512.700195,5512.700195,0,5512.700195
23/12/2011,5457,5516.600098,5457,5512.700195,204750100,5512.700195
22/12/2011,5389.700195,5469,5389.700195,5457,610838400,5457
21/12/2011,5419.600098,5479.200195,5371.700195,5389.700195,803794200,5389.700195
20/12/2011,5365,5426.299805,5328.700195,5419.600098,779731400,5419.600098
19/12/2011,5387.299805,5410.100098,5343.100098,5365,632321300,5365
16/12/2011,5400.899902,5452.700195,5387.299805,5387.299805,1273215100,5387.299805
15/12/2011,5366.799805,5434,5366.799805,5400.899902,803271700,5400.899902
14/12/2011,5490.200195,5490.200195,5366.799805,5366.799805,860719700,5366.799805
13/12/2011,5427.899902,5526,5413.700195,5490.200195,757732000,5490.200195
12/12/2011,5529.200195,5529.200195,5427.899902,5427.899902,801332300,5427.899902
09/12/2011,5483.799805,5540.5,5440.899902,5529.200195,841432700,5529.200195
08/12/2011,5546.899902,5605.299805,5483.799805,5483.799805,907438000,5483.799805
07/12/2011,5568.700195,5631.899902,5498,5546.899902,932154800,5546.899902
06/12/2011,5568,5593,5521.899902,5568.700195,857312600,5568.700195
05/12/2011,5552.299805,5602.799805,5545.899902,5568,900658000,5568
02/12/2011,5489.299805,5595.5,5489.100098,5552.299805,984099700,5552.299805
01/12/2011,5505.399902,5553.899902,5486.899902,5489.299805,939174800,5489.299805
30/11/2011,5337,5539,5275,5505.399902,1647245500,5505.399902
29/11/2011,5312.799805,5344.200195,5272.399902,5337,794447300,5337
28/11/2011,5164.700195,5327.799805,5164.700195,5312.799805,897909200,5312.799805
25/11/2011,5127.600098,5200.299805,5075.200195,5164.700195,733865300,5164.700195
24/11/2011,5139.799805,5184.299805,5099,5127.600098,856420500,5127.600098
23/11/2011,5206.799805,5206.799805,5139.799805,5139.799805,1009698000,5139.799805
22/11/2011,5222.600098,5282,5206.799805,5206.799805,914555700,5206.799805
21/11/2011,5362.899902,5362.899902,5221.700195,5222.600098,952410000,5222.600098
18/11/2011,5423.100098,5423.100098,5347.899902,5362.899902,826014000,5362.899902
17/11/2011,5509,5509,5366.100098,5423.100098,1059574700,5423.100098
16/11/2011,5517.399902,5562.899902,5450.200195,5509,941320000,5509
15/11/2011,5519,5551.399902,5428.600098,5517.399902,841524400,5517.399902
14/11/2011,5545.399902,5575.200195,5489.299805,5519,687675200,5519
11/11/2011,5444.799805,5548.799805,5439.799805,5545.399902,715717500,5545.399902
10/11/2011,5460.399902,5497.200195,5360.200195,5444.799805,799967700,5444.799805
09/11/2011,5567.299805,5615.799805,5426.299805,5460.399902,1074260600,5460.399902
08/11/2011,5510.799805,5616,5509.600098,5567.299805,885001700,5567.299805
07/11/2011,5527.200195,5557.799805,5432.200195,5510.799805,730611300,5510.799805
04/11/2011,5545.600098,5599.5,5495.399902,5527.200195,873169300,5527.200195
03/11/2011,5484.100098,5564.5,5402.600098,5545.600098,1217183500,5545.600098
02/11/2011,5421.600098,5493.299805,5383.399902,5484.100098,1363052800,5484.100098
01/11/2011,5544.200195,5544.200195,5338.399902,5421.600098,1331043600,5421.600098
31/10/2011,5702.200195,5702.200195,5544.200195,5544.200195,1079784300,5544.200195
28/10/2011,5713.799805,5746.899902,5685,5702.200195,997001700,5702.200195
27/10/2011,5553.200195,5747.299805,5553.200195,5713.799805,1454155000,5713.799805
26/10/2011,5525.5,5576.600098,5498.5,5553.200195,705184200,5553.200195
25/10/2011,5548.100098,5574.100098,5465.5,5525.5,777723200,5525.5
24/10/2011,5488.700195,5552.799805,5487.200195,5548.100098,677461300,5548.100098
21/10/2011,5384.700195,5500.5,5384.700195,5488.700195,730196100,5488.700195
20/10/2011,5450.5,5450.5,5363.200195,5384.700195,796890500,5384.700195
19/10/2011,5410.399902,5483.799805,5410.399902,5450.5,723007500,5450.5
18/10/2011,5436.700195,5436.700195,5348.600098,5410.399902,754537000,5410.399902
17/10/2011,5466.399902,5543.700195,5405.200195,5436.700195,720599700,5436.700195
14/10/2011,5403.399902,5501.399902,5395.600098,5466.399902,673341300,5466.399902
13/10/2011,5441.799805,5456.100098,5368.399902,5403.399902,895898200,5403.399902
12/10/2011,5395.700195,5458,5348.200195,5441.799805,833336600,5441.799805
11/10/2011,5399,5399,5330.399902,5395.700195,636003500,5395.700195
10/10/2011,5303.399902,5413.399902,5303.399902,5399,611583700,5399
07/10/2011,5291.299805,5370.899902,5261.399902,5303.399902,864877000,5303.399902
06/10/2011,5102.200195,5291.299805,5102.200195,5291.299805,1147794400,5291.299805
05/10/2011,4944.399902,5121.399902,4944.399902,5102.200195,932393600,5102.200195
04/10/2011,5075.5,5075.5,4868.600098,4944.399902,1168273100,4944.399902
03/10/2011,5128.5,5128.5,4983.299805,5075.5,774952000,5075.5
30/09/2011,5196.799805,5197.299805,5068.600098,5128.5,889500800,5128.5
29/09/2011,5217.600098,5250.200195,5160.799805,5196.799805,736900100,5196.799805
28/09/2011,5294.100098,5314.299805,5191.399902,5217.600098,726670200,5217.600098
27/09/2011,5089.399902,5294.100098,5089.399902,5294.100098,960705900,5294.100098
26/09/2011,5066.799805,5148.799805,4974,5089.399902,1039397000,5089.399902
23/09/2011,5041.600098,5105.399902,4928.100098,5066.799805,1013630400,5066.799805
22/09/2011,5288.399902,5288.399902,5013.600098,5041.600098,1191994800,5041.600098
21/09/2011,5363.700195,5366.100098,5268.799805,5288.399902,770544200,5288.399902
20/09/2011,5259.600098,5377.399902,5219.100098,5363.700195,708695000,5363.700195
19/09/2011,5368.399902,5368.399902,5231.600098,5259.600098,721392700,5259.600098
16/09/2011,5337.5,5406.100098,5337.5,5368.399902,1464013700,5368.399902
15/09/2011,5227,5366.700195,5227,5337.5,1124040000,5337.5
14/09/2011,5174.299805,5270.399902,5146.399902,5227,1116783000,5227
13/09/2011,5129.600098,5203.100098,5069.5,5174.299805,885954000,5174.299805
12/09/2011,5214.700195,5214.700195,5059.200195,5129.600098,1009065300,5129.600098
09/09/2011,5340.399902,5352,5202.200195,5214.700195,1048626000,5214.700195
08/09/2011,5318.600098,5369.799805,5269.700195,5340.399902,922652100,5340.399902
07/09/2011,5156.799805,5322.200195,5156.799805,5318.600098,837910500,5318.600098
06/09/2011,5102.600098,5190.299805,5086.799805,5156.799805,946079100,5156.799805
05/09/2011,5292,5292,5097.700195,5102.600098,788821300,5102.600098
02/09/2011,5418.700195,5418.700195,5258.5,5292,823930000,5292
01/09/2011,5394.5,5449.700195,5346.700195,5418.700195,975363800,5418.700195
31/08/2011,5268.700195,5411.600098,5258.600098,5394.5,1178142500,5394.5
30/08/2011,5129.899902,5283.600098,5129.899902,5268.700195,910283100,5268.700195
29/08/2011,5129.899902,5129.899902,5129.899902,5129.899902,0,5129.899902
26/08/2011,5131.100098,5149.5,5014.799805,5129.899902,1037445400,5129.899902
25/08/2011,5205.899902,5254.200195,5102.100098,5131.100098,1128589300,5131.100098
24/08/2011,5129.399902,5250.600098,5098.100098,5205.899902,908821500,5205.899902
23/08/2011,5095.299805,5193.200195,5076.700195,5129.399902,904652300,5129.399902
22/08/2011,5040.799805,5183,4993.299805,5095.299805,857260000,5095.299805
19/08/2011,5092.200195,5107.899902,4929.600098,5040.799805,1546098700,5040.799805
18/08/2011,5331.600098,5331.600098,5041.600098,5092.200195,1183381000,5092.200195
17/08/2011,5357.600098,5371.100098,5279.899902,5331.600098,671941800,5331.600098
16/08/2011,5350.600098,5362.200195,5265.799805,5357.600098,716380800,5357.600098
15/08/2011,5320,5377.200195,5319.399902,5350.600098,695636400,5350.600098
12/08/2011,5162.799805,5320,5099.299805,5320,1024505200,5320
11/08/2011,5007.200195,5172.700195,4943,5162.799805,1455126400,5162.799805
10/08/2011,5164.899902,5262.700195,4990.799805,5007.200195,1649746300,5007.200195
09/08/2011,5069,5175.600098,4791,5164.899902,2039085200,5164.899902
08/08/2011,5247,5295.799805,5062.399902,5069,1576389600,5069
05/08/2011,5393.100098,5393.100098,5202.600098,5247,2044242400,5247
04/08/2011,5584.5,5644.100098,5393.100098,5393.100098,1428457100,5393.100098
03/08/2011,5718.399902,5718.399902,5557.700195,5584.5,1094346800,5584.5
02/08/2011,5774.399902,5778.899902,5705.299805,5718.399902,995746800,5718.399902
01/08/2011,5815.200195,5913.5,5767.100098,5774.399902,864009700,5774.399902
29/07/2011,5873.200195,5873.200195,5772.399902,5815.200195,1014403400,5815.200195
28/07/2011,5856.600098,5882.600098,5801.600098,5873.200195,753182900,5873.200195
27/07/2011,5929.700195,5932,5841,5856.600098,777353400,5856.600098
26/07/2011,5925.299805,5951.299805,5895.600098,5929.700195,631694600,5929.700195
25/07/2011,5935,5938.600098,5892.600098,5925.299805,645911000,5925.299805
22/07/2011,5899.899902,5966.799805,5899.899902,5935,874525300,5935
21/07/2011,5853.799805,5934.299805,5797.5,5899.899902,1051054200,5899.899902
20/07/2011,5790,5856.399902,5790,5853.799805,900376300,5853.799805
19/07/2011,5752.799805,5802,5752.799805,5790,912096000,5790
18/07/2011,5843.700195,5843.700195,5752.799805,5752.799805,848623100,5752.799805
15/07/2011,5847,5863.600098,5806,5843.700195,693411600,5843.700195
14/07/2011,5906.399902,5906.399902,5841.200195,5847,715477400,5847
13/07/2011,5869,5911,5851,5906.399902,830813000,5906.399902
12/07/2011,5929.200195,5929.200195,5793,5869,1086509700,5869
11/07/2011,5990.600098,5998.600098,5900.799805,5929.200195,850417100,5929.200195
08/07/2011,6054.600098,6084.100098,5981.700195,5990.600098,781326500,5990.600098
07/07/2011,6002.899902,6071.700195,6002.899902,6054.600098,833720400,6054.600098
06/07/2011,6024,6026.5,5973.799805,6002.899902,817116300,6002.899902
05/07/2011,6017.5,6036.299805,6011.100098,6024,654940400,6024
04/07/2011,5989.799805,6030.799805,5985.700195,6017.5,466358000,6017.5
01/07/2011,5945.700195,5999,5937,5989.799805,871319600,5989.799805
30/06/2011,5856,5945.700195,5856,5945.700195,1221084500,5945.700195
29/06/2011,5766.899902,5860.899902,5766.899902,5856,908814900,5856
28/06/2011,5722.299805,5795.100098,5722.299805,5766.899902,798684500,5766.899902
27/06/2011,5697.700195,5728.399902,5679.600098,5722.299805,835562500,5722.299805
24/06/2011,5674.399902,5768.5,5674.399902,5697.700195,1037392600,5697.700195
23/06/2011,5773,5773,5663.299805,5674.399902,893970700,5674.399902
22/06/2011,5775.299805,5789.100098,5741.799805,5773,744333700,5773
21/06/2011,5693.399902,5778.100098,5693,5775.299805,745714800,5775.299805
20/06/2011,5714.899902,5714.899902,5647.200195,5693.399902,746206400,5693.399902
17/06/2011,5698.799805,5733.200195,5645,5714.899902,1215422800,5714.899902
16/06/2011,5742.600098,5742.600098,5644.399902,5698.799805,1039826800,5698.799805
15/06/2011,5803.100098,5803.399902,5742.600098,5742.600098,806612100,5742.600098
14/06/2011,5773.5,5822.600098,5773.5,5803.100098,811563100,5803.100098
13/06/2011,5765.799805,5793.799805,5763.399902,5773.5,643227300,5773.5
10/06/2011,5856.299805,5867,5758.299805,5765.799805,786839200,5765.799805
09/06/2011,5808.899902,5861.200195,5795,5856.299805,854520000,5856.299805
08/06/2011,5864.700195,5864.700195,5791.799805,5808.899902,848359000,5808.899902
07/06/2011,5863.200195,5890.600098,5849.200195,5864.700195,792266800,5864.700195
06/06/2011,5855,5881.100098,5827.5,5863.200195,650699800,5863.200195
03/06/2011,5847.899902,5868.200195,5802.700195,5855,840497300,5855
02/06/2011,5928.600098,5928.600098,5847.899902,5847.899902,980195300,5847.899902
01/06/2011,5990,5995.200195,5911.700195,5928.600098,830972100,5928.600098
31/05/2011,5938.899902,6010,5938.899902,5990,966550600,5990
30/05/2011,5938.899902,5938.899902,5938.899902,5938.899902,0,5938.899902
27/05/2011,5881,5951.399902,5881,5938.899902,799337700,5938.899902
26/05/2011,5870.100098,5910.799805,5866.700195,5881,863336800,5881
25/05/2011,5858.399902,5881.200195,5810.5,5870.100098,916829300,5870.100098
24/05/2011,5835.899902,5884.700195,5835.899902,5858.399902,985312300,5858.399902
23/05/2011,5948.5,5948.5,5833.399902,5835.899902,852749200,5835.899902
20/05/2011,5956,6017.600098,5927.700195,5948.5,897899600,5948.5
19/05/2011,5923.5,6003.899902,5923.5,5956,849895900,5956
18/05/2011,5861,5934.5,5860.700195,5923.5,702325400,5923.5
17/05/2011,5923.700195,5942.799805,5861,5861,756848900,5861
16/05/2011,5925.899902,5936.200195,5862.200195,5923.700195,686694200,5923.700195
13/05/2011,5945,6001.299805,5919.899902,5925.899902,705255100,5925.899902
12/05/2011,5976,5976.399902,5882.399902,5945,868796500,5945
11/05/2011,6018.899902,6040.200195,5965.299805,5976,823139400,5976
10/05/2011,5942.700195,6023.100098,5940.100098,6018.899902,835132700,6018.899902
09/05/2011,5976.799805,5999.899902,5922.200195,5942.700195,803357200,5942.700195
06/05/2011,5920,5984.899902,5871.600098,5976.799805,1162112200,5976.799805
05/05/2011,5984.100098,6009.100098,5912.600098,5920,1597409800,5920
04/05/2011,6082.899902,6083.799805,5972.799805,5984.100098,1002077100,5984.100098
03/05/2011,6069.899902,6103.700195,6050.700195,6082.899902,809170900,6082.899902
02/05/2011,6069.899902,6069.899902,6069.899902,6069.899902,0,6069.899902
29/04/2011,6069.899902,6069.899902,6069.899902,6069.899902,0,6069.899902
28/04/2011,6068.200195,6091.799805,6051,6069.899902,741068000,6069.899902
27/04/2011,6069.399902,6089.399902,6045.899902,6068.200195,707283900,6068.200195
26/04/2011,6018.299805,6070.600098,6007,6069.399902,553389400,6069.399902
25/04/2011,6018.299805,6018.299805,6018.299805,6018.299805,0,6018.299805
22/04/2011,6018.299805,6018.299805,6018.299805,6018.299805,0,6018.299805
21/04/2011,6022.299805,6049.399902,6005.799805,6018.299805,739317000,6018.299805
20/04/2011,5896.899902,6033.799805,5896.899902,6022.299805,704737200,6022.299805
19/04/2011,5870.100098,5922.200195,5870.100098,5896.899902,624888900,5896.899902
18/04/2011,5996,5997.5,5858.299805,5870.100098,872742500,5870.100098
15/04/2011,5963.799805,5996.799805,5963.600098,5996,771907100,5996
14/04/2011,6010.399902,6010.5,5943.799805,5963.799805,667918300,5963.799805
13/04/2011,5964.5,6043.399902,5964.5,6010.399902,700979400,6010.399902
12/04/2011,6053.399902,6053.600098,5958.299805,5964.5,759467900,5964.5
11/04/2011,6055.799805,6070.799805,6044.5,6053.399902,659149200,6053.399902
08/04/2011,6007.399902,6066.399902,6007.399902,6055.799805,606794600,6055.799805
07/04/2011,6041.100098,6053.100098,6007.399902,6007.399902,710450000,6007.399902
06/04/2011,6007.100098,6056.399902,6007.100098,6041.100098,810707000,6041.100098
05/04/2011,6017,6026.299805,5989.100098,6007.100098,713905900,6007.100098
04/04/2011,6009.899902,6035.100098,5987.700195,6017,683415100,6017
01/04/2011,5908.799805,6014.799805,5908.799805,6009.899902,921016700,6009.899902
31/03/2011,5948.299805,5972.799805,5908.799805,5908.799805,1033616700,5908.799805
30/03/2011,5932.200195,5971,5932.200195,5948.299805,872031100,5948.299805
29/03/2011,5904.5,5932.700195,5879.899902,5932.200195,669291100,5932.200195
28/03/2011,5900.799805,5923,5900.600098,5904.5,526577800,5904.5
25/03/2011,5880.899902,5918.700195,5878.200195,5900.799805,663222900,5900.799805
24/03/2011,5795.899902,5888.700195,5780.399902,5880.899902,828355800,5880.899902
23/03/2011,5762.700195,5802.399902,5731.399902,5795.899902,906624900,5795.899902
22/03/2011,5786.100098,5813.799805,5742.600098,5762.700195,686659100,5762.700195
21/03/2011,5718.100098,5798.799805,5718.100098,5786.100098,764087000,5786.100098
18/03/2011,5696.100098,5758.200195,5696.100098,5718.100098,1379187400,5718.100098
17/03/2011,5598.200195,5707.700195,5598.200195,5696.100098,931686000,5696.100098
16/03/2011,5695.299805,5720.899902,5598.200195,5598.200195,1124024300,5598.200195
15/03/2011,5775.200195,5775.200195,5591.600098,5695.299805,1270223400,5695.299805
14/03/2011,5828.700195,5842,5769,5775.200195,830598200,5775.200195
11/03/2011,5845.299805,5845.299805,5796.399902,5828.700195,777919800,5828.700195
10/03/2011,5937.299805,5937.299805,5833.200195,5845.299805,950808500,5845.299805
09/03/2011,5974.799805,5979.299805,5922.700195,5937.299805,729979100,5937.299805
08/03/2011,5973.799805,5999.899902,5911,5974.799805,813024200,5974.799805
07/03/2011,5990.399902,6043.100098,5967.700195,5973.799805,651065500,5973.799805
04/03/2011,6005.100098,6052.100098,5983.200195,5990.399902,728615500,5990.399902
03/03/2011,5914.899902,6017.100098,5914.899902,6005.100098,811030200,6005.100098
02/03/2011,5935.799805,5941.799805,5865.899902,5914.899902,891083600,5914.899902
01/03/2011,5994,6040.399902,5927.399902,5935.799805,895639800,5935.799805
28/02/2011,6001.200195,6022.299805,5963.600098,5994,955595700,5994
25/02/2011,5920,6011.5,5920,6001.200195,836550300,6001.200195
24/02/2011,5923.5,5936.700195,5861,5920,939695100,5920
23/02/2011,5996.799805,5996.799805,5915.5,5923.5,895634900,5923.5
22/02/2011,6014.799805,6028.600098,5926.600098,5996.799805,769147500,5996.799805
21/02/2011,6083,6105.799805,6013.100098,6014.799805,629790600,6014.799805
18/02/2011,6087.399902,6096.799805,6048.799805,6083,802223000,6083
17/02/2011,6085.299805,6101.399902,6066.700195,6087.399902,1021989100,6087.399902
16/02/2011,6037.100098,6095.799805,6033.5,6085.299805,858245200,6085.299805
15/02/2011,6060.100098,6072.100098,6023.799805,6037.100098,873268200,6037.100098
14/02/2011,6062.899902,6091.5,6042.100098,6060.100098,635408300,6060.100098
11/02/2011,6020,6071.399902,5973.399902,6062.899902,822602600,6062.899902
10/02/2011,6052.299805,6052.299805,5986.5,6020,821798100,6020
09/02/2011,6091.299805,6091.299805,6049.5,6052.299805,923551800,6052.299805
08/02/2011,6051,6091.299805,6032.899902,6091.299805,858439600,6091.299805
07/02/2011,5997.399902,6054.100098,5996.600098,6051,694875000,6051
04/02/2011,5983.299805,6023.399902,5983.299805,5997.399902,763863300,5997.399902
03/02/2011,6000.100098,6000.299805,5951.799805,5983.299805,1033274600,5983.299805
02/02/2011,5957.799805,6020.5,5957.799805,6000.100098,878318400,6000.100098
01/02/2011,5862.899902,5963.700195,5862.899902,5957.799805,963349500,5957.799805
31/01/2011,5881.399902,5881.700195,5815.399902,5862.899902,931414900,5862.899902
28/01/2011,5965.100098,5965.799805,5877.899902,5881.399902,968312100,5881.399902
27/01/2011,5969.200195,5997.299805,5950.700195,5965.100098,819346500,5965.100098
26/01/2011,5917.700195,6003.299805,5917.700195,5969.200195,880021300,5969.200195
25/01/2011,5943.899902,5964.700195,5904.299805,5917.700195,1034224500,5917.700195
24/01/2011,5896.299805,5960.600098,5887.600098,5943.899902,918501600,5943.899902
21/01/2011,5867.899902,5939.299805,5867.899902,5896.299805,1161650600,5896.299805
20/01/2011,5976.700195,5977.5,5867.299805,5867.899902,999116500,5867.899902
19/01/2011,6056.399902,6077.100098,5974.799805,5976.700195,882393000,5976.700195
18/01/2011,5985.700195,6065.700195,5985.5,6056.399902,869099100,6056.399902
17/01/2011,6002.100098,6013.399902,5975.600098,5985.700195,599125200,5985.700195
14/01/2011,6023.899902,6031.700195,5948.5,6002.100098,852945600,6002.100098
13/01/2011,6050.700195,6055.5,6005.5,6023.899902,921442500,6023.899902
12/01/2011,6014,6050.700195,6013.899902,6050.700195,1021020800,6050.700195
11/01/2011,5956.299805,6035.899902,5956.299805,6014,861069300,6014
10/01/2011,5984.299805,5984.299805,5939.899902,5956.299805,662691000,5956.299805
07/01/2011,6019.5,6023.700195,5973.399902,5984.299805,780033100,5984.299805
06/01/2011,6043.899902,6090.5,6004.600098,6019.5,843815800,6019.5
05/01/2011,6013.899902,6043.899902,5964.399902,6043.899902,884510500,6043.899902
04/01/2011,5899.899902,6049.5,5899.899902,6013.899902,950390700,6013.899902
03/01/2011,5899.899902,5899.899902,5899.899902,5899.899902,0,5899.899902
31/12/2010,5971,5985.700195,5899.899902,5899.899902,197447000,5899.899902
30/12/2010,5996.399902,6009.799805,5969.700195,5971,252316600,5971
29/12/2010,6008.899902,6021.5,5977,5996.399902,329122200,5996.399902
28/12/2010,6008.899902,6008.899902,6008.899902,6008.899902,0,6008.899902
27/12/2010,6008.899902,6008.899902,6008.899902,6008.899902,0,6008.899902
24/12/2010,5996.100098,6008.899902,5978.200195,6008.899902,66767100,6008.899902
23/12/2010,5983.5,6000.600098,5982.200195,5996.100098,314131700,5996.100098
22/12/2010,5951.799805,5991.899902,5936.299805,5983.5,527260100,5983.5
21/12/2010,5891.600098,5953.899902,5891.100098,5951.799805,541859600,5951.799805
20/12/2010,5871.799805,5913.799805,5865.5,5891.600098,536148500,5891.600098
17/12/2010,5881.100098,5902.5,5857.299805,5871.799805,1431434300,5871.799805
16/12/2010,5882.200195,5907.100098,5862.899902,5881.100098,635565900,5881.100098
15/12/2010,5891.200195,5898,5858.100098,5882.200195,781046600,5882.200195
14/12/2010,5860.799805,5891.200195,5847.200195,5891.200195,665056300,5891.200195
13/12/2010,5813,5873.700195,5812.899902,5860.799805,562916600,5860.799805
10/12/2010,5808,5827.600098,5794.5,5813,611914600,5813
09/12/2010,5794.5,5838,5794.5,5808,910240700,5808
08/12/2010,5808.5,5826.600098,5774.299805,5794.5,795433900,5794.5
07/12/2010,5770.299805,5850.399902,5769.700195,5808.5,915796600,5808.5
06/12/2010,5745.299805,5785.700195,5728.5,5770.299805,760501400,5770.299805
03/12/2010,5767.600098,5784.299805,5720.200195,5745.299805,758341000,5745.299805
02/12/2010,5642.5,5770.899902,5642.5,5767.600098,1070087500,5767.600098
01/12/2010,5528.299805,5656.200195,5528.299805,5642.5,1141747400,5642.5
